metric,roi,comparison,comparison_label,first_group,second_group,adjusted_beta,se,statistic,p_value,ci95_low,ci95_high,adjusted_hedges_g,residual_sd,n_total,p_fdr,significant_fdr,network,interaction_p_corrected,passes_interaction_gate
exponent,7Networks_LH_Cont_Cing_1,NCBP_trans_vs_NCBP_nontrans,Transitioners − Non-transitioners,NCBP_trans,NCBP_nontrans,-0.018585040039002354,0.03569471897474035,-0.5206663779074492,0.6025992001669123,-0.08854540366777193,0.05137532358976722,-0.13586715513262287,0.1360096399243179,137,0.9933528321482001,False,Cont,0.6945923165829467,False
exponent,7Networks_LH_Cont_Cing_1,NCBP_trans_vs_HC,Transitioners − HC,NCBP_trans,HC,-0.06800717067600176,0.03246649286365779,-2.0946879283079984,0.036198743039429514,-0.13164032739309772,-0.004374013958905812,-0.4971708852376028,0.1360096399243179,137,0.08044165119873226,False,Cont,0.6945923165829467,False
exponent,7Networks_LH_Cont_Cing_1,NCBP_nontrans_vs_HC,Non-transitioners − HC,NCBP_nontrans,HC,-0.049422130636999406,0.027858888715143484,-1.7740165855982122,0.07606040693091931,-0.10402454916798998,0.0051802878939911645,-0.3613037301049799,0.1360096399243179,137,0.20307508949873526,False,Cont,0.6945923165829467,False
exponent,7Networks_LH_Cont_PFCl_1,NCBP_trans_vs_NCBP_nontrans,Transitioners − Non-transitioners,NCBP_trans,NCBP_nontrans,0.01818001964324372,0.05260234174715094,0.34561236324100325,0.7296340534052485,-0.08491867568363987,0.12127871497012732,0.0943249931399173,0.1916409158228949,137,0.9933528321482001,False,Cont,0.6945923165829467,False
exponent,7Networks_LH_Cont_PFCl_1,NCBP_trans_vs_HC,Transitioners − HC,NCBP_trans,HC,-0.04637951067146565,0.04708929035224837,-0.9849269403834023,0.3246599591405239,-0.1386728238194219,0.04591380247649058,-0.2406348899377848,0.1916409158228949,137,0.4039569110655542,False,Cont,0.6945923165829467,False
exponent,7Networks_LH_Cont_PFCl_1,NCBP_nontrans_vs_HC,Non-transitioners − HC,NCBP_nontrans,HC,-0.06455953031470937,0.0382220390152625,-1.6890655752020454,0.09120686400960948,-0.13947335020030865,0.010354289570889921,-0.33495988307770214,0.1916409158228949,137,0.21127264603711385,False,Cont,0.6945923165829467,False
exponent,7Networks_LH_Cont_Par_1,NCBP_trans_vs_NCBP_nontrans,Transitioners − Non-transitioners,NCBP_trans,NCBP_nontrans,0.0005850260756109643,0.03732554631558136,0.01567361052574194,0.9874947801612616,-0.07257170040621021,0.07374175255743214,0.0038334609884978455,0.1517416658576463,137,0.9933528321482001,False,Cont,0.6945923165829467,False
exponent,7Networks_LH_Cont_Par_1,NCBP_trans_vs_HC,Transitioners − HC,NCBP_trans,HC,-0.08082498092735682,0.03181791772718667,-2.54023477024382,0.011077808024428192,-0.14318695373570123,-0.018463008119012407,-0.5296164123240626,0.1517416658576463,137,0.04068099144911155,True,Cont,0.6945923165829467,False
exponent,7Networks_LH_Cont_Par_1,NCBP_nontrans_vs_HC,Non-transitioners − HC,NCBP_nontrans,HC,-0.08141000700296779,0.03342084154755237,-2.4359053582518175,0.014854570504675363,-0.14691365276919033,-0.015906361236745256,-0.5334498733125606,0.1517416658576463,137,0.10896226279366511,False,Cont,0.6945923165829467,False
exponent,7Networks_LH_Cont_pCun_1,NCBP_trans_vs_NCBP_nontrans,Transitioners − Non-transitioners,NCBP_trans,NCBP_nontrans,-0.060073039615397464,0.04009776960333709,-1.4981641175971534,0.13409061582261808,-0.13866322389832308,0.018517144667528157,-0.33346801718492064,0.17912082950898955,137,0.9933528321482001,False,Cont,0.6945923165829467,False
exponent,7Networks_LH_Cont_pCun_1,NCBP_trans_vs_HC,Transitioners − HC,NCBP_trans,HC,-0.13601137587510345,0.03760904741880495,-3.6164536251214976,0.0002986667957131002,-0.20972375430882023,-0.06229899744138667,-0.7550049759100009,0.17912082950898955,137,0.009166897220430653,True,Cont,0.6945923165829467,False
exponent,7Networks_LH_Cont_pCun_1,NCBP_nontrans_vs_HC,Non-transitioners − HC,NCBP_nontrans,HC,-0.07593833625970599,0.0384582025406623,-1.9745680048207015,0.04831719295682177,-0.1513150281495509,-0.0005616443698610862,-0.4215369587250804,0.17912082950898955,137,0.1725614034172206,False,Cont,0.6945923165829467,False
exponent,7Networks_LH_Default_PFC_1,NCBP_trans_vs_NCBP_nontrans,Transitioners − Non-transitioners,NCBP_trans,NCBP_nontrans,0.008668178818296159,0.05178416125799295,0.1673905419672741,0.8670627666011265,-0.09282691221698439,0.11016326985357672,0.04187703178608101,0.2058129236778779,137,0.9933528321482001,False,Default,0.6945923165829467,False
exponent,7Networks_LH_Default_PFC_1,NCBP_trans_vs_HC,Transitioners − HC,NCBP_trans,HC,-0.023583952339502418,0.04671273145659543,-0.5048720467441766,0.6136487086091177,-0.11513922361392072,0.06797131893491588,-0.11393695751616864,0.2058129236778779,137,0.6670094658794757,False,Default,0.6945923165829467,False
exponent,7Networks_LH_Default_PFC_1,NCBP_nontrans_vs_HC,Non-transitioners − HC,NCBP_nontrans,HC,-0.032252131157798576,0.04250977991773752,-0.7586990857212397,0.4480325839546778,-0.11556976878728817,0.05106550647169102,-0.15581398930224963,0.2058129236778779,137,0.5431397334049519,False,Default,0.6945923165829467,False
exponent,7Networks_LH_Default_PFC_2,NCBP_trans_vs_NCBP_nontrans,Transitioners − Non-transitioners,NCBP_trans,NCBP_nontrans,0.014021664697922646,0.056629202993894984,0.24760483913987416,0.8044401662104846,-0.09696953364331931,0.12501286303916462,0.06310208801136803,0.22094110375987722,137,0.9933528321482001,False,Default,0.6945923165829467,False
exponent,7Networks_LH_Default_PFC_2,NCBP_trans_vs_HC,Transitioners − HC,NCBP_trans,HC,-0.048113775195851326,0.05169927810699724,-0.9306469443591586,0.35203622264137,-0.149442498312286,0.053214947920583365,-0.2165277620293966,0.22094110375987722,137,0.4241400272787591,False,Default,0.6945923165829467,False
exponent,7Networks_LH_Default_PFC_2,NCBP_nontrans_vs_HC,Non-transitioners − HC,NCBP_nontrans,HC,-0.06213543989377397,0.04485853692775836,-1.3851419183340485,0.16600907646903607,-0.1500565566713404,0.025785676883792463,-0.2796298500407646,0.22094110375987722,137,0.28137131604921367,False,Default,0.6945923165829467,False
exponent,7Networks_LH_Default_PFC_3,NCBP_trans_vs_NCBP_nontrans,Transitioners − Non-transitioners,NCBP_trans,NCBP_nontrans,-0.01856149599728435,0.0448177781539933,-0.4141547564787191,0.6787607737200427,-0.10640272704621724,0.06927973505164854,-0.10579299682532838,0.17445231145768833,137,0.9933528321482001,False,Default,0.6945923165829467,False
exponent,7Networks_LH_Default_PFC_3,NCBP_trans_vs_HC,Transitioners − HC,NCBP_trans,HC,-0.06911022019337948,0.04165171752260106,-1.6592405860785666,0.09706732223133545,-0.15074608643191345,0.012525646045154479,-0.3939002172338714,0.17445231145768833,137,0.1645208851378567,False,Default,0.6945923165829467,False
exponent,7Networks_LH_Default_PFC_3,NCBP_nontrans_vs_HC,Non-transitioners − HC,NCBP_nontrans,HC,-0.05054872419609513,0.03496814974911223,-1.445564737018391,0.14829932322765413,-0.11908503831035842,0.017987589918168165,-0.28810722040854303,0.17445231145768833,137,0.27462837634750764,False,Default,0.6945923165829467,False
exponent,7Networks_LH_Default_PFC_4,NCBP_trans_vs_NCBP_nontrans,Transitioners − Non-transitioners,NCBP_trans,NCBP_nontrans,0.02660204561797043,0.04493481850217286,0.5920140885109854,0.5538411542815834,-0.06146858029813243,0.11467267153407329,0.13231907463213347,0.19990021013008005,137,0.9933528321482001,False,Default,0.6945923165829467,False
exponent,7Networks_LH_Default_PFC_4,NCBP_trans_vs_HC,Transitioners − HC,NCBP_trans,HC,-0.045978785569719016,0.04239909763098737,-1.0844283991580856,0.27817489766491765,-0.1290794899034518,0.03712191876401376,-0.22869934315068935,0.19990021013008005,137,0.36601960219068114,False,Default,0.6945923165829467,False
exponent,7Networks_LH_Default_PFC_4,NCBP_nontrans_vs_HC,Non-transitioners − HC,NCBP_nontrans,HC,-0.07258083118768945,0.04106745240530081,-1.7673565545624403,0.0771685340095194,-0.15307155883889184,0.007909896463512964,-0.36101841778282284,0.19990021013008005,137,0.20307508949873526,False,Default,0.6945923165829467,False
exponent,7Networks_LH_Default_PFC_5,NCBP_trans_vs_NCBP_nontrans,Transitioners − Non-transitioners,NCBP_trans,NCBP_nontrans,0.037113793721934116,0.0363383991974778,1.0213381585755197,0.3070942535446227,-0.03410815996096157,0.1083357474048298,0.24559573932578355,0.15025716592308733,137,0.9933528321482001,False,Default,0.6945923165829467,False
exponent,7Networks_LH_Default_PFC_5,NCBP_trans_vs_HC,Transitioners − HC,NCBP_trans,HC,-0.0495940456684988,0.03119725657941047,-1.5896925276830214,0.11190412882906547,-0.11073954498059857,0.01155145364360096,-0.3281821956377704,0.15025716592308733,137,0.17762560131597693,False,Default,0.6945923165829467,False
exponent,7Networks_LH_Default_PFC_5,NCBP_nontrans_vs_HC,Non-transitioners − HC,NCBP_nontrans,HC,-0.08670783939043292,0.03212302886935237,-2.699242333065245,0.006949754963094136,-0.14966781904870397,-0.023747859732161855,-0.5737779349635539,0.15025716592308733,137,0.08597478598750564,False,Default,0.6945923165829467,False
exponent,7Networks_LH_Default_PFC_6,NCBP_trans_vs_NCBP_nontrans,Transitioners − Non-transitioners,NCBP_trans,NCBP_nontrans,-0.0017791383090753898,0.040656816550717574,-0.04375990202912207,0.9650957899915497,-0.08146503447453382,0.07790675785638304,-0.010478648501355015,0.1688204721041638,137,0.9933528321482001,False,Default,0.6945923165829467,False
exponent,7Networks_LH_Default_PFC_6,NCBP_trans_vs_HC,Transitioners − HC,NCBP_trans,HC,-0.07556874233089379,0.035377598151252514,-2.1360619793296607,0.03267436226765649,-0.14490756056687953,-0.006229924094908065,-0.44507966836284285,0.1688204721041638,137,0.07528193652872822,False,Default,0.6945923165829467,False
exponent,7Networks_LH_Default_PFC_6,NCBP_nontrans_vs_HC,Non-transitioners − HC,NCBP_nontrans,HC,-0.0737896040218184,0.035755570930695826,-2.0637232772717584,0.039043961041114274,-0.14386923529264953,-0.003709972750987278,-0.43460101986148786,0.1688204721041638,137,0.16975635235267075,False,Default,0.6945923165829467,False
exponent,7Networks_LH_Default_PFC_7,NCBP_trans_vs_NCBP_nontrans,Transitioners − Non-transitioners,NCBP_trans,NCBP_nontrans,-0.012152617429498039,0.037025081254092394,-0.3282266241658769,0.7427403187555048,-0.08472044321218823,0.060415208353192154,-0.08070648754226457,0.1497207698179529,137,0.9933528321482001,False,Default,0.6945923165829467,False
exponent,7Networks_LH_Default_PFC_7,NCBP_trans_vs_HC,Transitioners − HC,NCBP_trans,HC,-0.07413222628859564,0.031246861975441825,-2.372469476994495,0.01766962300485555,-0.1353749503903557,-0.012889502186835579,-0.4923179415587023,0.1497207698179529,137,0.0569987838866308,False,Default,0.6945923165829467,False
exponent,7Networks_LH_Default_PFC_7,NCBP_nontrans_vs_HC,Non-transitioners − HC,NCBP_nontrans,HC,-0.061979608859097604,0.03197531247880575,-1.938358191188269,0.05257953747009986,-0.12465006971197104,0.0006908519937758317,-0.4116114540164377,0.1497207698179529,137,0.17526512490033286,False,Default,0.6945923165829467,False
exponent,7Networks_LH_Default_Par_1,NCBP_trans_vs_NCBP_nontrans,Transitioners − Non-transitioners,NCBP_trans,NCBP_nontrans,-0.01878597185469217,0.04520613042200564,-0.4155624840994453,0.6777301836420939,-0.1073883593622437,0.06981641565285937,-0.0938658794661929,0.1989970258060498,137,0.9933528321482001,False,Default,0.6945923165829467,False
exponent,7Networks_LH_Default_Par_1,NCBP_trans_vs_HC,Transitioners − HC,NCBP_trans,HC,-0.04453401858258739,0.0406507541713496,-1.0955274875066079,0.27328560996473483,-0.12420803270282398,0.035139995537649196,-0.22251842240327047,0.1989970258060498,137,0.36601960219068114,False,Default,0.6945923165829467,False
exponent,7Networks_LH_Default_Par_1,NCBP_nontrans_vs_HC,Non-transitioners − HC,NCBP_nontrans,HC,-0.02574804672789522,0.042659451528608484,-0.6035719120914609,0.5461282916350025,-0.1093590353242,0.05786294186840956,-0.12865254293707756,0.1989970258060498,137,0.6481362831539518,False,Default,0.6945923165829467,False
exponent,7Networks_LH_Default_Par_2,NCBP_trans_vs_NCBP_nontrans,Transitioners − Non-transitioners,NCBP_trans,NCBP_nontrans,0.001387734848897773,0.03500330214781773,0.039645826643366876,0.9683754917605043,-0.0672174767007985,0.06999294639859405,0.00875818156359184,0.15754811886517966,137,0.9933528321482001,False,Default,0.6945923165829467,False
exponent,7Networks_LH_Default_Par_2,NCBP_trans_vs_HC,Transitioners − HC,NCBP_trans,HC,-0.08301685269047343,0.03126038284531616,-2.6556569412876563,0.007915409231234346,-0.14428607721022685,-0.02174762817072002,-0.5239305399576974,0.15754811886517966,137,0.04068099144911155,True,Default,0.6945923165829467,False
exponent,7Networks_LH_Default_Par_2,NCBP_nontrans_vs_HC,Non-transitioners − HC,NCBP_nontrans,HC,-0.0844045875393712,0.03446984654606761,-2.448649936011979,0.014339273532208973,-0.15196424532228608,-0.01684492975645631,-0.5326887215212893,0.15754811886517966,137,0.10896226279366511,False,Default,0.6945923165829467,False
exponent,7Networks_LH_Default_Temp_1,NCBP_trans_vs_NCBP_nontrans,Transitioners − Non-transitioners,NCBP_trans,NCBP_nontrans,-0.018221381318580913,0.05368887198358162,-0.3393884178485464,0.7343171426022752,-0.12344963677698242,0.08700687413982058,-0.08335201564304119,0.2173631213405993,137,0.9933528321482001,False,Default,0.6945923165829467,False
exponent,7Networks_LH_Default_Temp_1,NCBP_trans_vs_HC,Transitioners − HC,NCBP_trans,HC,-0.024753798870888813,0.05163385724749314,-0.47941022016306223,0.6316468242079986,-0.12595429945885783,0.07644670171708019,-0.11323395271943679,0.2173631213405993,137,0.6791901335569877,False,Default,0.6945923165829467,False
exponent,7Networks_LH_Default_Temp_1,NCBP_nontrans_vs_HC,Non-transitioners − HC,NCBP_nontrans,HC,-0.0065324175523078995,0.04199332355510466,-0.15555847928387717,0.8763810551581568,-0.08883781931145054,0.07577298420683473,-0.029881937076395585,0.2173631213405993,137,0.9178656984405317,False,Default,0.6945923165829467,False
exponent,7Networks_LH_Default_Temp_2,NCBP_trans_vs_NCBP_nontrans,Transitioners − Non-transitioners,NCBP_trans,NCBP_nontrans,-0.028750955448428955,0.049572810525557925,-0.5799742871872479,0.5619319576159432,-0.1259118786909506,0.06840996779409268,-0.1411967643904007,0.20246418459924653,137,0.9933528321482001,False,Default,0.6945923165829467,False
exponent,7Networks_LH_Default_Temp_2,NCBP_trans_vs_HC,Transitioners − HC,NCBP_trans,HC,-0.06569807524488241,0.04407785618876311,-1.490500694124752,0.13609263409393907,-0.15208908589059406,0.020692935400829213,-0.32264512627740755,0.20246418459924653,137,0.20620096074839253,False,Default,0.6945923165829467,False
exponent,7Networks_LH_Default_Temp_2,NCBP_nontrans_vs_HC,Non-transitioners − HC,NCBP_nontrans,HC,-0.03694711979645346,0.04235598816437306,-0.8722997950861369,0.38304484940538575,-0.11996333112822945,0.04606909153532253,-0.18144836188700683,0.20246418459924653,137,0.48082017780431086,False,Default,0.6945923165829467,False
exponent,7Networks_LH_Default_pCunPCC_1,NCBP_trans_vs_NCBP_nontrans,Transitioners − Non-transitioners,NCBP_trans,NCBP_nontrans,-0.05212782193615115,0.04356798059913199,-1.196470922436779,0.23151283915224097,-0.13751949478958966,0.03326385091728737,-0.26850191820729186,0.19303802171262352,137,0.9933528321482001,False,Default,0.6945923165829467,False
exponent,7Networks_LH_Default_pCunPCC_1,NCBP_trans_vs_HC,Transitioners − HC,NCBP_trans,HC,-0.09442254556515849,0.04384446553740387,-2.1535795774407664,0.03127315727475662,-0.18035611893987766,-0.008488972190439315,-0.4863551490279738,0.19303802171262352,137,0.07445989827323006,False,Default,0.6945923165829467,False
exponent,7Networks_LH_Default_pCunPCC_1,NCBP_nontrans_vs_HC,Non-transitioners − HC,NCBP_nontrans,HC,-0.04229472362900734,0.038268509865912334,-1.1052095777233635,0.26906878770048737,-0.11729962470821124,0.03271017745019657,-0.2178532308206819,0.19303802171262352,137,0.3843839824292677,False,Default,0.6945923165829467,False
exponent,7Networks_LH_Default_pCunPCC_2,NCBP_trans_vs_NCBP_nontrans,Transitioners − Non-transitioners,NCBP_trans,NCBP_nontrans,-0.0613183022510902,0.04141866487372184,-1.480450961855937,0.13875293835887215,-0.14249739369131922,0.019860789189138826,-0.3755843302216323,0.16233169704121683,137,0.9933528321482001,False,Default,0.6945923165829467,False
exponent,7Networks_LH_Default_pCunPCC_2,NCBP_trans_vs_HC,Transitioners − HC,NCBP_trans,HC,-0.1037979418512571,0.0399683526492223,-2.597003253104473,0.009404103344488955,-0.18213447356512885,-0.02546141013738533,-0.63577886271134,0.16233169704121683,137,0.04068099144911155,True,Default,0.6945923165829467,False
exponent,7Networks_LH_Default_pCunPCC_2,NCBP_nontrans_vs_HC,Non-transitioners − HC,NCBP_nontrans,HC,-0.042479639600166895,0.03222846960447451,-1.3180780881469205,0.18747750878059988,-0.10564627930178078,0.02068700010144698,-0.26019453248970775,0.16233169704121683,137,0.31246251463433317,False,Default,0.6945923165829467,False
exponent,7Networks_LH_DorsAttn_FEF_1,NCBP_trans_vs_NCBP_nontrans,Transitioners − Non-transitioners,NCBP_trans,NCBP_nontrans,-0.0227015094485446,0.0376581638513281,-0.6028310232588246,0.5466211063235652,-0.09651015432105585,0.05110713542396665,-0.14587538775013337,0.15473671873377798,137,0.9933528321482001,False,DorsAttn,0.6945923165829467,False
exponent,7Networks_LH_DorsAttn_FEF_1,NCBP_trans_vs_HC,Transitioners − HC,NCBP_trans,HC,-0.08093644780837866,0.03115425997318571,-2.5979255446298577,0.009378882783830976,-0.14199767532082044,-0.019875220295936885,-0.5200815273507108,0.15473671873377798,137,0.04068099144911155,True,DorsAttn,0.6945923165829467,False
exponent,7Networks_LH_DorsAttn_FEF_1,NCBP_nontrans_vs_HC,Non-transitioners − HC,NCBP_nontrans,HC,-0.058234938359834065,0.03450203310037898,-1.6878697609038698,0.09143623250902361,-0.12585768062998567,0.009387803910317544,-0.37420613960057747,0.15473671873377798,137,0.21127264603711385,False,DorsAttn,0.6945923165829467,False
exponent,7Networks_LH_DorsAttn_Post_1,NCBP_trans_vs_NCBP_nontrans,Transitioners − Non-transitioners,NCBP_trans,NCBP_nontrans,-0.07020519815150271,0.044889797112490484,-1.5639455436961258,0.11783035762933934,-0.15818758376529418,0.01777718746228875,-0.33363534540994527,0.20922707688952186,137,0.9933528321482001,False,DorsAttn,0.6945923165829467,False
exponent,7Networks_LH_DorsAttn_Post_1,NCBP_trans_vs_HC,Transitioners − HC,NCBP_trans,HC,-0.12179284176859702,0.047487111194287786,-2.564755755941782,0.01032484556746609,-0.2148658694392499,-0.02871981409794412,-0.5787947032673523,0.20922707688952186,137,0.04068099144911155,True,DorsAttn,0.6945923165829467,False
exponent,7Networks_LH_DorsAttn_Post_1,NCBP_nontrans_vs_HC,Non-transitioners − HC,NCBP_nontrans,HC,-0.05158764361709431,0.04026498701221988,-1.2812035330208391,0.2001221854989521,-0.1305055679990183,0.027330280764829698,-0.24515935785740697,0.20922707688952186,137,0.32277771854669696,False,DorsAttn,0.6945923165829467,False
exponent,7Networks_LH_DorsAttn_Post_2,NCBP_trans_vs_NCBP_nontrans,Transitioners − Non-transitioners,NCBP_trans,NCBP_nontrans,-0.049195139758355294,0.0489750149121491,-1.0044946356137114,0.31514025560658654,-0.1451844051284796,0.046794125611769016,-0.2535010573081281,0.1929581361271442,137,0.9933528321482001,False,DorsAttn,0.6945923165829467,False
exponent,7Networks_LH_DorsAttn_Post_2,NCBP_trans_vs_HC,Transitioners − HC,NCBP_trans,HC,-0.11476483999029959,0.04376154022574277,-2.6225045873222954,0.00872860927352466,-0.20053588274075623,-0.028993797239842925,-0.5913797261730095,0.1929581361271442,137,0.04068099144911155,True,DorsAttn,0.6945923165829467,False
exponent,7Networks_LH_DorsAttn_Post_2,NCBP_nontrans_vs_HC,Non-transitioners − HC,NCBP_nontrans,HC,-0.06556970023194429,0.03971215209198989,-1.6511243228535577,0.09871319170114594,-0.14340408808082145,0.012264687616932848,-0.33787866886488144,0.1929581361271442,137,0.21936264822476875,False,DorsAttn,0.6945923165829467,False
exponent,7Networks_LH_DorsAttn_Post_3,NCBP_trans_vs_NCBP_nontrans,Transitioners − Non-transitioners,NCBP_trans,NCBP_nontrans,-0.01800640060296517,0.037044819882651056,-0.48607067492850686,0.6269170577569992,-0.09061291338673455,0.05460011218080421,-0.11102128745384883,0.16126544543242544,137,0.9933528321482001,False,DorsAttn,0.6945923165829467,False
exponent,7Networks_LH_DorsAttn_Post_3,NCBP_trans_vs_HC,Transitioners − HC,NCBP_trans,HC,-0.09751254669411429,0.03127755301976795,-3.1176526703506724,0.0018229750163216553,-0.15881542413740146,-0.036209669250827095,-0.6012289027436929,0.16126544543242544,137,0.026042500233166503,True,DorsAttn,0.6945923165829467,False
exponent,7Networks_LH_DorsAttn_Post_3,NCBP_nontrans_vs_HC,Non-transitioners − HC,NCBP_nontrans,HC,-0.07950614609114912,0.03640179285786039,-2.184127204986856,0.02895290212441051,-0.15085234906524286,-0.008159943117055382,-0.4902076152898441,0.16126544543242544,137,0.15238369539163427,False,DorsAttn,0.6945923165829467,False
exponent,7Networks_LH_DorsAttn_Post_4,NCBP_trans_vs_NCBP_nontrans,Transitioners − Non-transitioners,NCBP_trans,NCBP_nontrans,-0.03162879093133662,0.039784986682015674,-0.7949931260284684,0.4266175007380697,-0.10960593195349305,0.046348350090819807,-0.1898029527464937,0.16569152604326487,137,0.9933528321482001,False,DorsAttn,0.6945923165829467,False
exponent,7Networks_LH_DorsAttn_Post_4,NCBP_trans_vs_HC,Transitioners − HC,NCBP_trans,HC,-0.09024523816751837,0.03401515432281196,-2.653089188162119,0.007975879308386054,-0.15691371556880174,-0.023576760766234994,-0.5415576179529193,0.16569152604326487,137,0.04068099144911155,True,DorsAttn,0.6945923165829467,False
exponent,7Networks_LH_DorsAttn_Post_4,NCBP_nontrans_vs_HC,Non-transitioners − HC,NCBP_nontrans,HC,-0.05861644723618174,0.036296552290150295,-1.6149315441204686,0.1063255202561685,-0.12975638248785115,0.012523488015487652,-0.3517546652064256,0.16569152604326487,137,0.22837247326622753,False,DorsAttn,0.6945923165829467,False
exponent,7Networks_LH_DorsAttn_Post_5,NCBP_trans_vs_NCBP_nontrans,Transitioners − Non-transitioners,NCBP_trans,NCBP_nontrans,-0.04349655739066989,0.03605812727033172,-1.2062899735355486,0.22770570229315146,-0.11416918819048162,0.02717607340914184,-0.28126009808676444,0.15376851959723542,137,0.9933528321482001,False,DorsAttn,0.6945923165829467,False
exponent,7Networks_LH_DorsAttn_Post_5,NCBP_trans_vs_HC,Transitioners − HC,NCBP_trans,HC,-0.11776405577320768,0.032067508583871175,-3.672379332656945,0.00024030262770858635,-0.18061521767152422,-0.05491289387489115,-0.761493135660718,0.15376851959723542,137,0.009166897220430653,True,DorsAttn,0.6945923165829467,False
exponent,7Networks_LH_DorsAttn_Post_5,NCBP_nontrans_vs_HC,Non-transitioners − HC,NCBP_nontrans,HC,-0.0742674983825378,0.03352886433514514,-2.215031730278147,0.026757886684369295,-0.13998286492195178,-0.008552131843123811,-0.4802330375739535,0.15376851959723542,137,0.14865492602427388,False,DorsAttn,0.6945923165829467,False
exponent,7Networks_LH_DorsAttn_Post_6,NCBP_trans_vs_NCBP_nontrans,Transitioners − Non-transitioners,NCBP_trans,NCBP_nontrans,-0.0063914546780841144,0.03844302927570069,-0.16625783135472275,0.8679540498279394,-0.08173840751507638,0.06895549815890814,-0.040898579812420614,0.1553860968952096,137,0.9933528321482001,False,DorsAttn,0.6945923165829467,False
exponent,7Networks_LH_DorsAttn_Post_6,NCBP_trans_vs_HC,Transitioners − HC,NCBP_trans,HC,-0.06875990617471908,0.033658021281749384,-2.042898053903223,0.04106253102202975,-0.13472841567783056,-0.0027913966716076183,-0.43999099613802994,0.1553860968952096,137,0.0892663717870212,False,DorsAttn,0.6945923165829467,False
exponent,7Networks_LH_DorsAttn_Post_6,NCBP_nontrans_vs_HC,Non-transitioners − HC,NCBP_nontrans,HC,-0.06236845149663497,0.033479291125498335,-1.8628964174553329,0.062476840963137666,-0.12798665633054315,0.0032497533372732243,-0.3990924163256093,0.1553860968952096,137,0.18913593610350254,False,DorsAttn,0.6945923165829467,False
exponent,7Networks_LH_DorsAttn_PrCv_1,NCBP_trans_vs_NCBP_nontrans,Transitioners − Non-transitioners,NCBP_trans,NCBP_nontrans,-0.015338825727538377,0.04668490251650373,-0.32856073164372357,0.7424877331632416,-0.10683955328164903,0.07616190182657227,-0.08426396763686983,0.18099679331204024,137,0.9933528321482001,False,DorsAttn,0.6945923165829467,False
exponent,7Networks_LH_DorsAttn_PrCv_1,NCBP_trans_vs_HC,Transitioners − HC,NCBP_trans,HC,-0.061337304499112316,0.04110790125156307,-1.4921049878891604,0.13567162450358225,-0.14190731043220495,0.019232701433980315,-0.33695699612564095,0.18099679331204024,137,0.20620096074839253,False,DorsAttn,0.6945923165829467,False
exponent,7Networks_LH_DorsAttn_PrCv_1,NCBP_nontrans_vs_HC,Non-transitioners − HC,NCBP_nontrans,HC,-0.04599847877157394,0.03738897046099849,-1.23026866491433,0.21859651429881333,-0.11927951429416292,0.02728255675101504,-0.2526930284887711,0.18099679331204024,137,0.336302329690482,False,DorsAttn,0.6945923165829467,False
exponent,7Networks_LH_Limbic_OFC_1,NCBP_trans_vs_NCBP_nontrans,Transitioners − Non-transitioners,NCBP_trans,NCBP_nontrans,0.012098178621657539,0.04811480582829388,0.25144398721740685,0.8014708629221126,-0.08220510792493635,0.10640146516825144,0.058868210482469,0.20434303057691158,137,0.9933528321482001,False,Limbic,0.6945923165829467,False
exponent,7Networks_LH_Limbic_OFC_1,NCBP_trans_vs_HC,Transitioners − HC,NCBP_trans,HC,-0.004138510704085972,0.045699651852917814,-0.09055891098263887,0.927843082010056,-0.09370818244182404,0.0854311610336521,-0.02013747084011108,0.20434303057691158,137,0.9467786551123021,False,Limbic,0.6945923165829467,False
exponent,7Networks_LH_Limbic_OFC_1,NCBP_nontrans_vs_HC,Non-transitioners − HC,NCBP_nontrans,HC,-0.01623668932574351,0.04163507729521887,-0.3899762022924847,0.6965541443522687,-0.09783994131791382,0.06536656266642679,-0.07900568132258008,0.20434303057691158,137,0.7571240699481181,False,Limbic,0.6945923165829467,False
exponent,7Networks_LH_Limbic_TempPole_1,NCBP_trans_vs_NCBP_nontrans,Transitioners − Non-transitioners,NCBP_trans,NCBP_nontrans,0.018270695655950256,0.051624257191362696,0.35391687260939697,0.7234011818771489,-0.08291098916775351,0.11945238047965402,0.08728331422561154,0.20813471694985652,137,0.9933528321482001,False,Limbic,0.6945923165829467,False
exponent,7Networks_LH_Limbic_TempPole_1,NCBP_trans_vs_HC,Transitioners − HC,NCBP_trans,HC,-0.046329591085944255,0.04564519110354782,-1.0149939120825204,0.3101087295198398,-0.13579252171634607,0.043133339544457555,-0.2213271094240799,0.20813471694985652,137,0.39757529425620486,False,Limbic,0.6945923165829467,False
exponent,7Networks_LH_Limbic_TempPole_1,NCBP_nontrans_vs_HC,Non-transitioners − HC,NCBP_nontrans,HC,-0.06460028674189451,0.0437862988465544,-1.4753538993620146,0.14011742261684332,-0.15041985549744885,0.021219282013659815,-0.30861042364969143,0.20813471694985652,137,0.2707925216442939,False,Limbic,0.6945923165829467,False
exponent,7Networks_LH_Limbic_TempPole_2,NCBP_trans_vs_NCBP_nontrans,Transitioners − Non-transitioners,NCBP_trans,NCBP_nontrans,-0.04206099747684043,0.05391672253457424,-0.7801104277039226,0.43532587911342635,-0.1477358318090451,0.06361383685536422,-0.19384337535856258,0.2157492407527809,137,0.9933528321482001,False,Limbic,0.6945923165829467,False
exponent,7Networks_LH_Limbic_TempPole_2,NCBP_trans_vs_HC,Transitioners − HC,NCBP_trans,HC,-0.1204881954795253,0.04655582924203952,-2.5880367172307928,0.009652469121355806,-0.21173594406431945,-0.029240446894731154,-0.5552849410067758,0.2157492407527809,137,0.04068099144911155,True,Limbic,0.6945923165829467,False
exponent,7Networks_LH_Limbic_TempPole_2,NCBP_nontrans_vs_HC,Non-transitioners − HC,NCBP_nontrans,HC,-0.07842719800268487,0.04668323421162431,-1.6799863875574452,0.09295996425633009,-0.16992465573931664,0.01307025973394689,-0.3614415656482133,0.2157492407527809,137,0.21127264603711385,False,Limbic,0.6945923165829467,False
exponent,7Networks_LH_SalVentAttn_FrOperIns_1,NCBP_trans_vs_NCBP_nontrans,Transitioners − Non-transitioners,NCBP_trans,NCBP_nontrans,0.012736390050695092,0.05194681432236717,0.2451813497485462,0.8063160164878125,-0.08907749513273401,0.11455027523412419,0.06578597970606742,0.19250130404849872,137,0.9933528321482001,False,SalVentAttn,0.6945923165829467,False
exponent,7Networks_LH_SalVentAttn_FrOperIns_1,NCBP_trans_vs_HC,Transitioners − HC,NCBP_trans,HC,-0.010169593160091953,0.04368172042659253,-0.23281118648204419,0.8159080260296802,-0.09578419197896093,0.07544500565877701,-0.052527964877477934,0.19250130404849872,137,0.8411422948759589,False,SalVentAttn,0.6945923165829467,False
exponent,7Networks_LH_SalVentAttn_FrOperIns_1,NCBP_nontrans_vs_HC,Non-transitioners − HC,NCBP_nontrans,HC,-0.022905983210787045,0.04087206982736065,-0.5604312017360394,0.5751853541429593,-0.10301376804602014,0.05720180162444605,-0.11831394458354534,0.19250130404849872,137,0.6611325909689187,False,SalVentAttn,0.6945923165829467,False
exponent,7Networks_LH_SalVentAttn_FrOperIns_2,NCBP_trans_vs_NCBP_nontrans,Transitioners − Non-transitioners,NCBP_trans,NCBP_nontrans,-0.01577951919048886,0.04922241518843605,-0.3205758825543364,0.7485318166644968,-0.11225368019190085,0.08069464181092315,-0.08572580313036807,0.18302182228229827,137,0.9933528321482001,False,SalVentAttn,0.6945923165829467,False
exponent,7Networks_LH_SalVentAttn_FrOperIns_2,NCBP_trans_vs_HC,Transitioners − HC,NCBP_trans,HC,-0.057590062348363065,0.04413900185508788,-1.304743195993334,0.19198030737985727,-0.14410091629788194,0.028920791601155814,-0.3128710252538718,0.18302182228229827,137,0.28232398144096654,False,SalVentAttn,0.6945923165829467,False
exponent,7Networks_LH_SalVentAttn_FrOperIns_2,NCBP_nontrans_vs_HC,Non-transitioners − HC,NCBP_nontrans,HC,-0.041810543157874205,0.03655704498837067,-1.1437068606386198,0.2527452272079842,-0.1134610347162912,0.029839948400542785,-0.22714522212350377,0.18302182228229827,137,0.366297430736209,False,SalVentAttn,0.6945923165829467,False
exponent,7Networks_LH_SalVentAttn_Med_1,NCBP_trans_vs_NCBP_nontrans,Transitioners − Non-transitioners,NCBP_trans,NCBP_nontrans,0.0051816274113458995,0.03386158971692691,0.1530237491701602,0.8783795467250048,-0.06118586889310269,0.07154912371579449,0.035794382851064156,0.14393684345803331,137,0.9933528321482001,False,SalVentAttn,0.6945923165829467,False
exponent,7Networks_LH_SalVentAttn_Med_1,NCBP_trans_vs_HC,Transitioners − HC,NCBP_trans,HC,-0.02961629694324684,0.03230988564318722,-0.9166326761509803,0.3593351555757126,-0.09294250914850155,0.03370991526200787,-0.20458766855682198,0.14393684345803331,137,0.42777994711394357,False,SalVentAttn,0.6945923165829467,False
exponent,7Networks_LH_SalVentAttn_Med_1,NCBP_nontrans_vs_HC,Non-transitioners − HC,NCBP_nontrans,HC,-0.03479792435459274,0.03018369329772554,-1.1528716519662918,0.24896306913002697,-0.09395687613853781,0.024361027429352332,-0.24038205140788613,0.14393684345803331,137,0.36612216048533375,False,SalVentAttn,0.6945923165829467,False
exponent,7Networks_LH_SalVentAttn_Med_2,NCBP_trans_vs_NCBP_nontrans,Transitioners − Non-transitioners,NCBP_trans,NCBP_nontrans,-0.014338075916947426,0.03942090081453686,-0.36371761224847793,0.716068890205301,-0.09160162175156536,0.0629254699176705,-0.09663534942971384,0.1475283638498478,137,0.9933528321482001,False,SalVentAttn,0.6945923165829467,False
exponent,7Networks_LH_SalVentAttn_Med_2,NCBP_trans_vs_HC,Transitioners − HC,NCBP_trans,HC,-0.07998031786680768,0.03514434953383083,-2.275766059912892,0.02286001513968209,-0.14886197721320316,-0.01109865852041221,-0.539049033449673,0.1475283638498478,137,0.06723533864612379,False,SalVentAttn,0.6945923165829467,False
exponent,7Networks_LH_SalVentAttn_Med_2,NCBP_nontrans_vs_HC,Non-transitioners − HC,NCBP_nontrans,HC,-0.06564224194986025,0.030734310422824172,-2.1357968032076764,0.03269597982213674,-0.12588038346826963,-0.00540410043145087,-0.4424136840199592,0.1475283638498478,137,0.15569514201017495,False,SalVentAttn,0.6945923165829467,False
exponent,7Networks_LH_SalVentAttn_Med_3,NCBP_trans_vs_NCBP_nontrans,Transitioners − Non-transitioners,NCBP_trans,NCBP_nontrans,-0.01733251482447229,0.03770945077984163,-0.4596331812325877,0.6457795380982145,-0.09124168022974774,0.05657665058080316,-0.11375133402963068,0.15150457710387044,137,0.9933528321482001,False,SalVentAttn,0.6945923165829467,False
exponent,7Networks_LH_SalVentAttn_Med_3,NCBP_trans_vs_HC,Transitioners − HC,NCBP_trans,HC,-0.11371001484001218,0.03191434718969713,-3.5629748013996996,0.00036667588881722615,-0.17626098592192563,-0.051159043758098724,-0.7462659638010319,0.15150457710387044,137,0.009166897220430653,True,SalVentAttn,0.6945923165829467,False
exponent,7Networks_LH_SalVentAttn_Med_3,NCBP_nontrans_vs_HC,Non-transitioners − HC,NCBP_nontrans,HC,-0.0963775000155399,0.032959097869471064,-2.924154671867133,0.0034539307734453863,-0.160976144802634,-0.031778855228445785,-0.6325146297714013,0.15150457710387044,137,0.059276824854781654,False,SalVentAttn,0.6945923165829467,False
exponent,7Networks_LH_SalVentAttn_PFCl_1,NCBP_trans_vs_NCBP_nontrans,Transitioners − Non-transitioners,NCBP_trans,NCBP_nontrans,0.0021405957576901904,0.042780026798122296,0.050037270144584055,0.9600926882263613,-0.08170671602428786,0.08598790753966826,0.012624848543663653,0.16858896926415576,137,0.9933528321482001,False,SalVentAttn,0.6945923165829467,False
exponent,7Networks_LH_SalVentAttn_PFCl_1,NCBP_trans_vs_HC,Transitioners − HC,NCBP_trans,HC,-0.04651654092126861,0.03790726780506878,-1.2271140500146689,0.2197797278211393,-0.12081342057151812,0.02778033872898089,-0.2743461869418242,0.16858896926415576,137,0.31702185388544735,False,SalVentAttn,0.6945923165829467,False
exponent,7Networks_LH_SalVentAttn_PFCl_1,NCBP_nontrans_vs_HC,Non-transitioners − HC,NCBP_nontrans,HC,-0.0486571366789588,0.03503818748397396,-1.3886887471337948,0.1649274174732186,-0.11733072223110985,0.02001644887319224,-0.28697103548548786,0.16858896926415576,137,0.28137131604921367,False,SalVentAttn,0.6945923165829467,False
exponent,7Networks_LH_SalVentAttn_ParOper_1,NCBP_trans_vs_NCBP_nontrans,Transitioners − Non-transitioners,NCBP_trans,NCBP_nontrans,-0.02753229205337307,0.045740020990590574,-0.601930026639841,0.5472207160469031,-0.11718108584703668,0.06211650174029054,-0.15358469496762578,0.17824407401954498,137,0.9933528321482001,False,SalVentAttn,0.6945923165829467,False
exponent,7Networks_LH_SalVentAttn_ParOper_1,NCBP_trans_vs_HC,Transitioners − HC,NCBP_trans,HC,-0.10194467397322424,0.0402867038927474,-2.5304793920253377,0.011390677605751236,-0.18090516265883871,-0.022984185287609746,-0.5686828261664286,0.17824407401954498,137,0.04068099144911155,True,SalVentAttn,0.6945923165829467,False
exponent,7Networks_LH_SalVentAttn_ParOper_1,NCBP_nontrans_vs_HC,Non-transitioners − HC,NCBP_nontrans,HC,-0.07441238191985117,0.037451348543456525,-1.986907943608681,0.046932599184205906,-0.14781567623748257,-0.001009087602219766,-0.41509813119880284,0.17824407401954498,137,0.1725614034172206,False,SalVentAttn,0.6945923165829467,False
exponent,7Networks_LH_SomMot_1,NCBP_trans_vs_NCBP_nontrans,Transitioners − Non-transitioners,NCBP_trans,NCBP_nontrans,-0.009413009856520695,0.049698359082755675,-0.18940282999779803,0.8497771065962612,-0.10682000374946088,0.0879939840364195,-0.04599438599829812,0.203490603408209,137,0.9933528321482001,False,SomMot,0.6945923165829467,False
exponent,7Networks_LH_SomMot_1,NCBP_trans_vs_HC,Transitioners − HC,NCBP_trans,HC,-0.05329015623506975,0.0436285656299634,-1.221451025620492,0.2219152977198131,-0.1388005735669401,0.03222026109680058,-0.26038940287388435,0.203490603408209,137,0.31702185388544735,False,SomMot,0.6945923165829467,False
exponent,7Networks_LH_SomMot_1,NCBP_nontrans_vs_HC,Non-transitioners − HC,NCBP_nontrans,HC,-0.04387714637854905,0.042019010106291575,-1.0442213242900564,0.2963830032093231,-0.1262328928529051,0.03847860009580698,-0.2143950168755862,0.203490603408209,137,0.4060041139853741,False,SomMot,0.6945923165829467,False
exponent,7Networks_LH_SomMot_2,NCBP_trans_vs_NCBP_nontrans,Transitioners − Non-transitioners,NCBP_trans,NCBP_nontrans,-0.022520332698675122,0.04507987923477239,-0.49956506274985873,0.617381363395088,-0.11087527242624406,0.06583460702889382,-0.12285114223573733,0.18227045393141977,137,0.9933528321482001,False,SomMot,0.6945923165829467,False
exponent,7Networks_LH_SomMot_2,NCBP_trans_vs_HC,Transitioners − HC,NCBP_trans,HC,-0.06401758253593262,0.03931694591752253,-1.6282440317268303,0.10347315171642865,-0.1410773805163859,0.013042215444520652,-0.34922366569533814,0.18227045393141977,137,0.17245525286071442,False,SomMot,0.6945923165829467,False
exponent,7Networks_LH_SomMot_2,NCBP_nontrans_vs_HC,Non-transitioners − HC,NCBP_nontrans,HC,-0.0414972498372575,0.03829451078143472,-1.0836344162771097,0.2785269248862813,-0.11655311177445035,0.03355861209993535,-0.2263725234596008,0.18227045393141977,137,0.38684295123094625,False,SomMot,0.6945923165829467,False
exponent,7Networks_LH_SomMot_3,NCBP_trans_vs_NCBP_nontrans,Transitioners − Non-transitioners,NCBP_trans,NCBP_nontrans,-0.012881971568696242,0.05123757183023376,-0.25141651152748373,0.8014921032508406,-0.11330576701123843,0.08754182387384596,-0.062216476098710206,0.20587214939514403,137,0.9933528321482001,False,SomMot,0.6945923165829467,False
exponent,7Networks_LH_SomMot_3,NCBP_trans_vs_HC,Transitioners − HC,NCBP_trans,HC,-0.0452530691184008,0.0438265671394976,-1.0325487956737,0.3018151011727014,-0.13115156227784272,0.04064542404104111,-0.21856021636005007,0.20587214939514403,137,0.3919676638606511,False,SomMot,0.6945923165829467,False
exponent,7Networks_LH_SomMot_3,NCBP_nontrans_vs_HC,Non-transitioners − HC,NCBP_nontrans,HC,-0.03237109754970456,0.042928389846990954,-0.7540720177272989,0.45080597872611006,-0.11650919556410175,0.051767000464692625,-0.15634374026133988,0.20587214939514403,137,0.5431397334049519,False,SomMot,0.6945923165829467,False
exponent,7Networks_LH_SomMot_4,NCBP_trans_vs_NCBP_nontrans,Transitioners − Non-transitioners,NCBP_trans,NCBP_nontrans,-0.053865346903445833,0.05012370404704262,-1.0746481715096627,0.28253227615384413,-0.1521060016073939,0.044375307800502244,-0.26672676519679916,0.200799919762789,137,0.9933528321482001,False,SomMot,0.6945923165829467,False
exponent,7Networks_LH_SomMot_4,NCBP_trans_vs_HC,Transitioners − HC,NCBP_trans,HC,-0.08718539018994279,0.044879376508797336,-1.9426604594841586,0.05205719667833171,-0.17514735179579852,0.0007765714159129466,-0.43171869178654737,0.200799919762789,137,0.10463565865003419,False,SomMot,0.6945923165829467,False
exponent,7Networks_LH_SomMot_4,NCBP_nontrans_vs_HC,Non-transitioners − HC,NCBP_nontrans,HC,-0.03332004328649695,0.041154821131937906,-0.8096267307219364,0.41815474013459397,-0.1139820104952832,0.04734192392228929,-0.16499192658974823,0.200799919762789,137,0.5162404199192517,False,SomMot,0.6945923165829467,False
exponent,7Networks_LH_SomMot_5,NCBP_trans_vs_NCBP_nontrans,Transitioners − Non-transitioners,NCBP_trans,NCBP_nontrans,-0.027890933331080545,0.03855070785755365,-0.7234869313979555,0.4693807802040306,-0.10344893231041097,0.04766706564824988,-0.171078167850515,0.16210228203295168,137,0.9933528321482001,False,SomMot,0.6945923165829467,False
exponent,7Networks_LH_SomMot_5,NCBP_trans_vs_HC,Transitioners − HC,NCBP_trans,HC,-0.08828908744446652,0.03281149929311176,-2.6907971091403735,0.007128153131912608,-0.152598444337727,-0.02397973055120603,-0.541550013471997,0.16210228203295168,137,0.04068099144911155,True,SomMot,0.6945923165829467,False
exponent,7Networks_LH_SomMot_5,NCBP_nontrans_vs_HC,Non-transitioners − HC,NCBP_nontrans,HC,-0.06039815411338598,0.035753539743177305,-1.6892915931467039,0.09116356365156296,-0.13047380432983496,0.009677496103062996,-0.37047184562148205,0.16210228203295168,137,0.21127264603711385,False,SomMot,0.6945923165829467,False
exponent,7Networks_LH_SomMot_6,NCBP_trans_vs_NCBP_nontrans,Transitioners − Non-transitioners,NCBP_trans,NCBP_nontrans,-0.011336834350082245,0.03912870302230659,-0.28973192246160867,0.7720213327009913,-0.08802768303556673,0.06535401433540224,-0.07075557378310561,0.15931321998345338,137,0.9933528321482001,False,SomMot,0.6945923165829467,False
exponent,7Networks_LH_SomMot_6,NCBP_trans_vs_HC,Transitioners − HC,NCBP_trans,HC,-0.1179615435381371,0.033062212762157074,-3.5678659618679722,0.0003599005190586801,-0.18276228980116552,-0.053160797275108695,-0.7362228678344528,0.15931321998345338,137,0.009166897220430653,True,SomMot,0.6945923165829467,False
exponent,7Networks_LH_SomMot_6,NCBP_nontrans_vs_HC,Non-transitioners − HC,NCBP_nontrans,HC,-0.10662470918805486,0.03505783958079278,-3.0413941778224,0.002354853248358597,-0.1753368121421915,-0.03791260623391822,-0.6654672940513472,0.15931321998345338,137,0.059276824854781654,False,SomMot,0.6945923165829467,False
exponent,7Networks_LH_Vis_1,NCBP_trans_vs_NCBP_nontrans,Transitioners − Non-transitioners,NCBP_trans,NCBP_nontrans,-0.06776786410940454,0.04318224241977003,-1.5693456456160908,0.11656742180206348,-0.15240350402383154,0.016867775805022467,-0.3673390626469102,0.18343295239652202,137,0.9933528321482001,False,Vis,0.6945923165829467,False
exponent,7Networks_LH_Vis_1,NCBP_trans_vs_HC,Transitioners − HC,NCBP_trans,HC,-0.10274499433335889,0.04043248877480203,-2.541149393637888,0.011048869807712747,-0.18199121613729088,-0.023498772529426892,-0.5569343287719237,0.18343295239652202,137,0.04068099144911155,True,Vis,0.6945923165829467,False
exponent,7Networks_LH_Vis_1,NCBP_nontrans_vs_HC,Non-transitioners − HC,NCBP_nontrans,HC,-0.03497713022395435,0.03764541772858859,-0.9291205234094694,0.3528266294657245,-0.10876079315495364,0.03880653270704494,-0.18959526612501348,0.18343295239652202,137,0.4541871728754036,False,Vis,0.6945923165829467,False
exponent,7Networks_LH_Vis_2,NCBP_trans_vs_NCBP_nontrans,Transitioners − Non-transitioners,NCBP_trans,NCBP_nontrans,-0.06399441168431352,0.06643668204871622,-0.9632391280074485,0.3354275333165436,-0.19420791575213606,0.06621909238350901,-0.2377488617334124,0.26763584337154095,137,0.9933528321482001,False,Vis,0.6945923165829467,False
exponent,7Networks_LH_Vis_2,NCBP_trans_vs_HC,Transitioners − HC,NCBP_trans,HC,-0.11715951304030114,0.06037565249812856,-1.9405092647890256,0.05231782932501709,-0.23549361747973885,0.0011745913991365736,-0.4352652072805954,0.26763584337154095,137,0.10463565865003419,False,Vis,0.6945923165829467,False
exponent,7Networks_LH_Vis_2,NCBP_nontrans_vs_HC,Non-transitioners − HC,NCBP_nontrans,HC,-0.05316510135598762,0.05598373100360194,-0.949652700934974,0.3422887506737258,-0.16289119784322584,0.056560995131250597,-0.197516345547183,0.26763584337154095,137,0.4541871728754036,False,Vis,0.6945923165829467,False
exponent,7Networks_LH_Vis_3,NCBP_trans_vs_NCBP_nontrans,Transitioners − Non-transitioners,NCBP_trans,NCBP_nontrans,-0.06895355102032374,0.05340903298422818,-1.2910466107986995,0.1966875153927249,-0.17363333211852278,0.03572623007787529,-0.3119068437889663,0.21981250949511583,137,0.9933528321482001,False,Vis,0.6945923165829467,False
exponent,7Networks_LH_Vis_3,NCBP_trans_vs_HC,Transitioners − HC,NCBP_trans,HC,-0.10933652998403696,0.047998545438976165,-2.2779134030851824,0.02273173756183144,-0.20341195035473952,-0.015261109613334406,-0.4945765877685836,0.21981250949511583,137,0.06723533864612379,False,Vis,0.6945923165829467,False
exponent,7Networks_LH_Vis_3,NCBP_nontrans_vs_HC,Non-transitioners − HC,NCBP_nontrans,HC,-0.04038297896371322,0.04645196368620801,-0.8693492321768794,0.3846561422434487,-0.13142715479984338,0.050661196872416936,-0.18266974397961727,0.21981250949511583,137,0.48082017780431086,False,Vis,0.6945923165829467,False
exponent,7Networks_LH_Vis_4,NCBP_trans_vs_NCBP_nontrans,Transitioners − Non-transitioners,NCBP_trans,NCBP_nontrans,-0.05501314011653316,0.06904607537530716,-0.7967598421416929,0.42559052179146695,-0.1903409611259731,0.08031468089290678,-0.19619994980604882,0.2787970760953642,137,0.9933528321482001,False,Vis,0.6945923165829467,False
exponent,7Networks_LH_Vis_4,NCBP_trans_vs_HC,Transitioners − HC,NCBP_trans,HC,-0.13465227753426806,0.06319992790985995,-2.13057644189592,0.033124052072640416,-0.25852186006312133,-0.010782695005414775,-0.4802265429228587,0.2787970760953642,137,0.07528193652872822,False,Vis,0.6945923165829467,False
exponent,7Networks_LH_Vis_4,NCBP_nontrans_vs_HC,Non-transitioners − HC,NCBP_nontrans,HC,-0.0796391374177349,0.05639984330219919,-1.4120453667045836,0.15793660361494177,-0.1901807990237479,0.030902524188278102,-0.28402659311680983,0.2787970760953642,137,0.2777543004783898,False,Vis,0.6945923165829467,False
exponent,7Networks_LH_Vis_5,NCBP_trans_vs_NCBP_nontrans,Transitioners − Non-transitioners,NCBP_trans,NCBP_nontrans,0.012596668244781575,0.0770554504928898,0.16347536954499953,0.8701441645226499,-0.1384292395337916,0.16362257602335473,0.041706539161497205,0.3003116707289558,137,0.9933528321482001,False,Vis,0.6945923165829467,False
exponent,7Networks_LH_Vis_5,NCBP_trans_vs_HC,Transitioners − HC,NCBP_trans,HC,-0.10753728888631668,0.06721470906027378,-1.599907079712035,0.10961919852329839,-0.23927569787579134,0.02420112010315799,-0.35604717557886073,0.3003116707289558,137,0.17680515890854578,False,Vis,0.6945923165829467,False
exponent,7Networks_LH_Vis_5,NCBP_nontrans_vs_HC,Non-transitioners − HC,NCBP_nontrans,HC,-0.12013395713109826,0.06298645855503715,-1.907298169909426,0.05648198706571482,-0.24358514741269585,0.003317233150499338,-0.397753714740358,0.3003116707289558,137,0.1765062095803588,False,Vis,0.6945923165829467,False
exponent,7Networks_LH_Vis_6,NCBP_trans_vs_NCBP_nontrans,Transitioners − Non-transitioners,NCBP_trans,NCBP_nontrans,-0.05280314593822011,0.0564320500847971,-0.9356942705231504,0.3494306214049242,-0.1634079316781829,0.0578016398017427,-0.2239772950481328,0.23441018322151147,137,0.9933528321482001,False,Vis,0.6945923165829467,False
exponent,7Networks_LH_Vis_6,NCBP_trans_vs_HC,Transitioners − HC,NCBP_trans,HC,-0.11345942731189376,0.05143153685089351,-2.2060283292880576,0.027382016222734694,-0.21426338720918964,-0.012655467414597901,-0.48126556051718467,0.23441018322151147,137,0.07241661976011013,False,Vis,0.6945923165829467,False
exponent,7Networks_LH_Vis_6,NCBP_nontrans_vs_HC,Non-transitioners − HC,NCBP_nontrans,HC,-0.060656281373673654,0.04894048906110967,-1.2393885418254613,0.21520164272043707,-0.1565778773192251,0.03526531457187779,-0.25728826546905187,0.23441018322151147,137,0.33625256675068294,False,Vis,0.6945923165829467,False
exponent,7Networks_LH_Vis_7,NCBP_trans_vs_NCBP_nontrans,Transitioners − Non-transitioners,NCBP_trans,NCBP_nontrans,-0.05114466615624545,0.044860328696629655,-1.140086745732827,0.25425016328870675,-0.13906929473626822,0.03677996242377733,-0.2436760643354695,0.2086931278530663,137,0.9933528321482001,False,Vis,0.6945923165829467,False
exponent,7Networks_LH_Vis_7,NCBP_trans_vs_HC,Transitioners − HC,NCBP_trans,HC,-0.14734708558903398,0.04575017487182602,-3.220689013798144,0.0012788283344331716,-0.23701578062422235,-0.05767839055384559,-0.7020274176382105,0.2086931278530663,137,0.021313805573886194,True,Vis,0.6945923165829467,False
exponent,7Networks_LH_Vis_7,NCBP_nontrans_vs_HC,Non-transitioners − HC,NCBP_nontrans,HC,-0.09620241943278852,0.0418603582001336,-2.2981747784585727,0.0215518435789714,-0.17824721388499631,-0.01415762498058075,-0.458351353302741,0.2086931278530663,137,0.13469902236857126,False,Vis,0.6945923165829467,False
exponent,7Networks_LH_Vis_8,NCBP_trans_vs_NCBP_nontrans,Transitioners − Non-transitioners,NCBP_trans,NCBP_nontrans,-0.04976004947055096,0.05218943216647798,-0.9534506777506683,0.34036177495304776,-0.15204945689044402,0.05252935794934209,-0.21461158119392876,0.23054107870865845,137,0.9933528321482001,False,Vis,0.6945923165829467,False
exponent,7Networks_LH_Vis_8,NCBP_trans_vs_HC,Transitioners − HC,NCBP_trans,HC,-0.14233353116437358,0.04741325055188883,-3.001977917725857,0.0026823163231291442,-0.23526179463604951,-0.04940526769269764,-0.6138744737016302,0.23054107870865845,137,0.029803514701434938,True,Vis,0.6945923165829467,False
exponent,7Networks_LH_Vis_8,NCBP_nontrans_vs_HC,Non-transitioners − HC,NCBP_nontrans,HC,-0.09257348169382262,0.05003834395643437,-1.8500508684784063,0.06430621827519087,-0.19064683369446145,0.005499870306816215,-0.39926289250770136,0.23054107870865845,137,0.18913593610350254,False,Vis,0.6945923165829467,False
exponent,7Networks_LH_Vis_9,NCBP_trans_vs_NCBP_nontrans,Transitioners − Non-transitioners,NCBP_trans,NCBP_nontrans,-0.061624075164050135,0.05619273142677564,-1.09665562786091,0.27279196026366126,-0.17175980495346244,0.048511654625362166,-0.26441637457598666,0.23173025526658372,137,0.9933528321482001,False,Vis,0.6945923165829467,False
exponent,7Networks_LH_Vis_9,NCBP_trans_vs_HC,Transitioners − HC,NCBP_trans,HC,-0.1467968445754547,0.05377326995909531,-2.7299222213401064,0.0063349269653658205,-0.25219051702623113,-0.04140317212467827,-0.6298754072739458,0.23173025526658372,137,0.04068099144911155,True,Vis,0.6945923165829467,False
exponent,7Networks_LH_Vis_9,NCBP_nontrans_vs_HC,Non-transitioners − HC,NCBP_nontrans,HC,-0.08517276941140456,0.04684485023325883,-1.8181885305918586,0.0690353224044313,-0.1769869887297646,0.0066414499069554905,-0.36545903269795904,0.23173025526658372,137,0.19724377829837517,False,Vis,0.6945923165829467,False
exponent,7Networks_RH_Cont_Cing_1,NCBP_trans_vs_NCBP_nontrans,Transitioners − Non-transitioners,NCBP_trans,NCBP_nontrans,-0.012503594073572342,0.036545840788879576,-0.3421345303232707,0.7322496523265625,-0.08413212580451118,0.059124937657366504,-0.08802466602801436,0.14123786751701659,137,0.9933528321482001,False,Cont,0.6945923165829467,False
exponent,7Networks_RH_Cont_Cing_1,NCBP_trans_vs_HC,Transitioners − HC,NCBP_trans,HC,-0.05821435581158095,0.033177726438405365,-1.7546216109671116,0.07932405240556908,-0.12324150471977782,0.006812793096615921,-0.40982610265484815,0.14123786751701659,137,0.14925089816641712,False,Cont,0.6945923165829467,False
exponent,7Networks_RH_Cont_Cing_1,NCBP_nontrans_vs_HC,Non-transitioners − HC,NCBP_nontrans,HC,-0.04571076173800861,0.028976985339685034,-1.5774850696910165,0.11468395485011126,-0.10250460938433642,0.011083085908319204,-0.32180143662683375,0.14123786751701659,137,0.23404888744920666,False,Cont,0.6945923165829467,False
exponent,7Networks_RH_Cont_PFCl_1,NCBP_trans_vs_NCBP_nontrans,Transitioners − Non-transitioners,NCBP_trans,NCBP_nontrans,-0.005633752631497048,0.040335120379345155,-0.1396736288007209,0.8889178632957916,-0.08468913588710111,0.07342163062410703,-0.030705731654615095,0.18243114987175682,137,0.9933528321482001,False,Cont,0.6945923165829467,False
exponent,7Networks_RH_Cont_PFCl_1,NCBP_trans_vs_HC,Transitioners − HC,NCBP_trans,HC,-0.041634219746459034,0.03724707909203539,-1.1177848239746069,0.26365890460749253,-0.11463715329616325,0.031368713803245185,-0.22691965068482933,0.18243114987175682,137,0.3611765816540994,False,Cont,0.6945923165829467,False
exponent,7Networks_RH_Cont_PFCl_1,NCBP_nontrans_vs_HC,Non-transitioners − HC,NCBP_nontrans,HC,-0.036000467114961986,0.03886285681112932,-0.9263463900742465,0.35426599484281485,-0.11217026680111258,0.040169332571188605,-0.1962139190302142,0.18243114987175682,137,0.4541871728754036,False,Cont,0.6945923165829467,False
exponent,7Networks_RH_Cont_PFCl_2,NCBP_trans_vs_NCBP_nontrans,Transitioners − Non-transitioners,NCBP_trans,NCBP_nontrans,0.03419690321735215,0.04579395307254099,0.7467558689065725,0.4552109388284099,-0.055557595514545546,0.12395140194924985,0.17807122811401374,0.19094737706477982,137,0.9933528321482001,False,Cont,0.6945923165829467,False
exponent,7Networks_RH_Cont_PFCl_2,NCBP_trans_vs_HC,Transitioners − HC,NCBP_trans,HC,0.0257999759242655,0.040264677635798954,0.6407595301676271,0.5216789302371725,-0.05311734209101582,0.10471729393954682,0.13434647485315993,0.19094737706477982,137,0.5796432558190805,False,Cont,0.6945923165829467,False
exponent,7Networks_RH_Cont_PFCl_2,NCBP_nontrans_vs_HC,Non-transitioners − HC,NCBP_nontrans,HC,-0.00839692729308665,0.04179004312062268,-0.2009312904715073,0.840752300383565,-0.09030390672188295,0.07351005213570964,-0.043724753260853816,0.19094737706477982,137,0.8944173408335798,False,Cont,0.6945923165829467,False
exponent,7Networks_RH_Cont_PFCl_3,NCBP_trans_vs_NCBP_nontrans,Transitioners − Non-transitioners,NCBP_trans,NCBP_nontrans,0.0052995692378493085,0.04006647737671675,0.13226940786486435,0.8947712037304782,-0.07322928340790438,0.08382842188360301,0.030908245180984412,0.17048528252451636,137,0.9933528321482001,False,Cont,0.6945923165829467,False
exponent,7Networks_RH_Cont_PFCl_3,NCBP_trans_vs_HC,Transitioners − HC,NCBP_trans,HC,-2.852967010044498e-05,0.036608812738105664,-0.0007793115363926783,0.9993781994199961,-0.07178048415355871,0.07172342481335782,-0.0001663912666900093,0.17048528252451636,137,0.9993781994199961,False,Cont,0.6945923165829467,False
exponent,7Networks_RH_Cont_PFCl_3,NCBP_nontrans_vs_HC,Non-transitioners − HC,NCBP_nontrans,HC,-0.0053280989079497534,0.03563702890794099,-0.14951018845351877,0.8811510705029104,-0.07517539208352686,0.06451919426762737,-0.03107463644767442,0.17048528252451636,137,0.9178656984405317,False,Cont,0.6945923165829467,False
exponent,7Networks_RH_Cont_PFCl_4,NCBP_trans_vs_NCBP_nontrans,Transitioners − Non-transitioners,NCBP_trans,NCBP_nontrans,-0.021412534901462554,0.04279550423938928,-0.5003454283815707,0.6168318717478907,-0.10529018191089674,0.062465112107971635,-0.1285839684524581,0.16557773235378534,137,0.9933528321482001,False,Cont,0.6945923165829467,False
exponent,7Networks_RH_Cont_PFCl_4,NCBP_trans_vs_HC,Transitioners − HC,NCBP_trans,HC,-0.06671352429256336,0.03638065189400701,-1.8337638502721028,0.06668905598651308,-0.138018291738906,0.004591243153779276,-0.4006199986346005,0.16557773235378534,137,0.12824818458944823,False,Cont,0.6945923165829467,False
exponent,7Networks_RH_Cont_PFCl_4,NCBP_nontrans_vs_HC,Non-transitioners − HC,NCBP_nontrans,HC,-0.045300989391100804,0.03599553207677827,-1.2585170096798137,0.20820483955666047,-0.11585093586594246,0.02524895708374085,-0.27203603018214245,0.16557773235378534,137,0.3304838723121595,False,Cont,0.6945923165829467,False
exponent,7Networks_RH_Cont_PFCmp_1,NCBP_trans_vs_NCBP_nontrans,Transitioners − Non-transitioners,NCBP_trans,NCBP_nontrans,0.011015945763375928,0.033863614278433964,0.32530330852461403,0.7449515270890311,-0.05535551860871096,0.07738741013546283,0.07317786592963277,0.14967963680761748,137,0.9933528321482001,False,Cont,0.6945923165829467,False
exponent,7Networks_RH_Cont_PFCmp_1,NCBP_trans_vs_HC,Transitioners − HC,NCBP_trans,HC,-0.022267601300134606,0.03365260404271578,-0.6616902891636556,0.5081697294563848,-0.08822549320984456,0.04369029060957534,-0.14792152916486348,0.14967963680761748,137,0.5709772241082975,False,Cont,0.6945923165829467,False
exponent,7Networks_RH_Cont_PFCmp_1,NCBP_nontrans_vs_HC,Non-transitioners − HC,NCBP_nontrans,HC,-0.033283547063510534,0.0304687366219748,-1.0923835627469247,0.27466454477677293,-0.09300117349701773,0.026434079369996664,-0.22109939509449625,0.14967963680761748,137,0.38684295123094625,False,Cont,0.6945923165829467,False
exponent,7Networks_RH_Cont_Par_1,NCBP_trans_vs_NCBP_nontrans,Transitioners − Non-transitioners,NCBP_trans,NCBP_nontrans,0.006012827553831271,0.042108639296725425,0.14279320477351207,0.8864535038909873,-0.0765185889057386,0.08854424401340114,0.036854004654952206,0.16222386115037496,137,0.9933528321482001,False,Cont,0.6945923165829467,False
exponent,7Networks_RH_Cont_Par_1,NCBP_trans_vs_HC,Transitioners − HC,NCBP_trans,HC,-0.06235276346691064,0.03629040669253234,-1.7181610554874627,0.08576724282320458,-0.13348065356858538,0.008775126634764097,-0.3821744452981101,0.16222386115037496,137,0.15445894051069978,False,Cont,0.6945923165829467,False
exponent,7Networks_RH_Cont_Par_1,NCBP_nontrans_vs_HC,Non-transitioners − HC,NCBP_nontrans,HC,-0.06836559102074191,0.0345601604317747,-1.9781618536089438,0.04791045056643252,-0.13610226076694656,-0.0006289212745372585,-0.4190284499530623,0.16222386115037496,137,0.1725614034172206,False,Cont,0.6945923165829467,False
exponent,7Networks_RH_Cont_Par_2,NCBP_trans_vs_NCBP_nontrans,Transitioners − Non-transitioners,NCBP_trans,NCBP_nontrans,0.018341672935119208,0.03970232796328682,0.46197978496575703,0.6440958171033357,-0.05947345997532044,0.09615680584555886,0.11222555143916912,0.16250542680215638,137,0.9933528321482001,False,Cont,0.6945923165829467,False
exponent,7Networks_RH_Cont_Par_2,NCBP_trans_vs_HC,Transitioners − HC,NCBP_trans,HC,-0.08004497136487046,0.0360758426173573,-2.2187969998061288,0.026500538226346546,-0.15075232360682597,-0.009337619122914947,-0.48976399716271063,0.16250542680215638,137,0.07241661976011013,False,Cont,0.6945923165829467,False
exponent,7Networks_RH_Cont_Par_2,NCBP_nontrans_vs_HC,Non-transitioners − HC,NCBP_nontrans,HC,-0.09838664429998967,0.033751570191119455,-2.915024211995822,0.0035566094912868993,-0.16453850629625946,-0.03223478230371987,-0.6019895486018798,0.16250542680215638,137,0.059276824854781654,False,Cont,0.6945923165829467,False
exponent,7Networks_RH_Cont_pCun_1,NCBP_trans_vs_NCBP_nontrans,Transitioners − Non-transitioners,NCBP_trans,NCBP_nontrans,-0.0352146741299941,0.0409787009191063,-0.8593409097938309,0.3901524600379829,-0.11553145206468085,0.04510210380469265,-0.19706717911307364,0.17767652252897662,137,0.9933528321482001,False,Cont,0.6945923165829467,False
exponent,7Networks_RH_Cont_pCun_1,NCBP_trans_vs_HC,Transitioners − HC,NCBP_trans,HC,-0.12603318051849421,0.038308244330543195,-3.2899753753008163,0.0010019615084992809,-0.2011159597173196,-0.05095040131966884,-0.7053026606960284,0.17767652252897662,137,0.020039230169985617,True,Cont,0.6945923165829467,False
exponent,7Networks_RH_Cont_pCun_1,NCBP_nontrans_vs_HC,Non-transitioners − HC,NCBP_nontrans,HC,-0.09081850638850011,0.03743125402742806,-2.426274746818584,0.015254716791113117,-0.16418241617842894,-0.01745459659857128,-0.5082354815829548,0.17767652252897662,137,0.10896226279366511,False,Cont,0.6945923165829467,False
exponent,7Networks_RH_Default_PFCdPFCm_1,NCBP_trans_vs_NCBP_nontrans,Transitioners − Non-transitioners,NCBP_trans,NCBP_nontrans,0.009367935301355754,0.043448295268083637,0.21561111301499733,0.829290892612713,-0.07578915861375023,0.09452502921646173,0.051773742712423555,0.17990987146037116,137,0.9933528321482001,False,Default,0.6945923165829467,False
exponent,7Networks_RH_Default_PFCdPFCm_1,NCBP_trans_vs_HC,Transitioners − HC,NCBP_trans,HC,-0.0450902536637436,0.039586667926726125,-1.1390262435627183,0.2546922084180313,-0.12267869706807369,0.03249818974058649,-0.2492001830634676,0.17990987146037116,137,0.3537391783583768,False,Default,0.6945923165829467,False
exponent,7Networks_RH_Default_PFCdPFCm_1,NCBP_nontrans_vs_HC,Non-transitioners − HC,NCBP_nontrans,HC,-0.05445818896509935,0.03697662114837161,-1.4727735329461709,0.14081211125503285,-0.1269310346858898,0.018014656755691097,-0.3009739257758912,0.17990987146037116,137,0.2707925216442939,False,Default,0.6945923165829467,False
exponent,7Networks_RH_Default_PFCdPFCm_2,NCBP_trans_vs_NCBP_nontrans,Transitioners − Non-transitioners,NCBP_trans,NCBP_nontrans,0.0341614185319849,0.03775875847643878,0.904728330866636,0.3656093282607914,-0.03984438818278159,0.10816722524675139,0.22744627385718666,0.14934054833161184,137,0.9933528321482001,False,Default,0.6945923165829467,False
exponent,7Networks_RH_Default_PFCdPFCm_2,NCBP_trans_vs_HC,Transitioners − HC,NCBP_trans,HC,-0.0384364548126669,0.031826068826819695,-1.2077035031193253,0.2271613300798111,-0.10081440348272644,0.02394149385739263,-0.2559094090087617,0.14934054833161184,137,0.31994553532367764,False,Default,0.6945923165829467,False
exponent,7Networks_RH_Default_PFCdPFCm_2,NCBP_nontrans_vs_HC,Non-transitioners − HC,NCBP_nontrans,HC,-0.0725978733446518,0.03230340028528838,-2.247375592151342,0.02461603353695894,-0.13591137448199792,-0.009284372207305672,-0.4833556828659484,0.14934054833161184,137,0.14480019727622906,False,Default,0.6945923165829467,False
exponent,7Networks_RH_Default_PFCdPFCm_3,NCBP_trans_vs_NCBP_nontrans,Transitioners − Non-transitioners,NCBP_trans,NCBP_nontrans,0.01771768296167256,0.0373407933523917,0.4744859809074659,0.6351533926884219,-0.05546892716316784,0.09090429308651296,0.11664820539111607,0.1510252406138656,137,0.9933528321482001,False,Default,0.6945923165829467,False
exponent,7Networks_RH_Default_PFCdPFCm_3,NCBP_trans_vs_HC,Transitioners − HC,NCBP_trans,HC,-0.03311370054147926,0.033680322154461574,-0.9831764788239339,0.32552058902084546,-0.09912591895193043,0.03289851786897191,-0.21801122361079586,0.1510252406138656,137,0.4039569110655542,False,Default,0.6945923165829467,False
exponent,7Networks_RH_Default_PFCdPFCm_3,NCBP_nontrans_vs_HC,Non-transitioners − HC,NCBP_nontrans,HC,-0.05083138350315182,0.03156664699987137,-1.6102877034535519,0.10733506243512693,-0.11270087473558905,0.011038107729285415,-0.3346594290019119,0.1510252406138656,137,0.22837247326622753,False,Default,0.6945923165829467,False
exponent,7Networks_RH_Default_PFCv_1,NCBP_trans_vs_NCBP_nontrans,Transitioners − Non-transitioners,NCBP_trans,NCBP_nontrans,-0.0010247986106751983,0.0401668143822834,-0.025513564529210258,0.9796453290799974,-0.07975030817365612,0.07770071095230573,-0.00571079350783418,0.17842789116698937,137,0.9933528321482001,False,Default,0.6945923165829467,False
exponent,7Networks_RH_Default_PFCv_1,NCBP_trans_vs_HC,Transitioners − HC,NCBP_trans,HC,-0.0013150503964505424,0.03667813765634522,-0.035853794125859664,0.9713989391033476,-0.07320287922288951,0.07057277842998844,-0.007328250827327429,0.17842789116698937,137,0.981211049599341,False,Default,0.6945923165829467,False
exponent,7Networks_RH_Default_PFCv_1,NCBP_nontrans_vs_HC,Non-transitioners − HC,NCBP_nontrans,HC,-0.00029025178577534415,0.037793494044620915,-0.007679940505967989,0.993872354278738,-0.07436413896316135,0.07378363539161067,-0.0016174573194932497,0.17842789116698937,137,0.993872354278738,False,Default,0.6945923165829467,False
exponent,7Networks_RH_Default_PFCv_2,NCBP_trans_vs_NCBP_nontrans,Transitioners − Non-transitioners,NCBP_trans,NCBP_nontrans,-0.0014958153924338972,0.045978898577417285,-0.03253264951345687,0.9740472792563144,-0.09161280065299171,0.0886211698681239,-0.00802516344498589,0.18532959789471487,137,0.9933528321482001,False,Default,0.6945923165829467,False
exponent,7Networks_RH_Default_PFCv_2,NCBP_trans_vs_HC,Transitioners − HC,NCBP_trans,HC,-0.013054022375920543,0.038893063979120616,-0.33563882709082715,0.737143241016873,-0.08928302702340904,0.06317498227156795,-0.07003582374614117,0.18532959789471487,137,0.7723384601432899,False,Default,0.6945923165829467,False
exponent,7Networks_RH_Default_PFCv_2,NCBP_nontrans_vs_HC,Non-transitioners − HC,NCBP_nontrans,HC,-0.011558206983486646,0.040714689824532746,-0.28388296787471085,0.7765000694278892,-0.09135753268129024,0.06824111871431696,-0.062010660301155276,0.18532959789471487,137,0.8349463112127841,False,Default,0.6945923165829467,False
exponent,7Networks_RH_Default_Par_1,NCBP_trans_vs_NCBP_nontrans,Transitioners − Non-transitioners,NCBP_trans,NCBP_nontrans,0.018526411636399433,0.040191740026419176,0.4609507233133349,0.6448339590687555,-0.060247951291379075,0.09730077456417793,0.10854965757883618,0.16970065685532365,137,0.9933528321482001,False,Default,0.6945923165829467,False
exponent,7Networks_RH_Default_Par_1,NCBP_trans_vs_HC,Transitioners − HC,NCBP_trans,HC,-0.05071877780582678,0.03588001288312954,-1.413566320921649,0.15748927577053495,-0.12104231082159383,0.019604755209940268,-0.297170659472055,0.16970065685532365,137,0.23505862055303722,False,Default,0.6945923165829467,False
exponent,7Networks_RH_Default_Par_1,NCBP_nontrans_vs_HC,Non-transitioners − HC,NCBP_nontrans,HC,-0.06924518944222621,0.03566727576133237,-1.9414207551364588,0.05220726282362309,-0.13915176536109608,0.0006613864766436689,-0.4057203170508912,0.16970065685532365,137,0.17526512490033286,False,Default,0.6945923165829467,False
exponent,7Networks_RH_Default_Temp_1,NCBP_trans_vs_NCBP_nontrans,Transitioners − Non-transitioners,NCBP_trans,NCBP_nontrans,0.010974763870016491,0.045685840574786904,0.24022243504639035,0.8101578221689926,-0.07856783826000452,0.1005173660000375,0.052054714435042566,0.2096311362343968,137,0.9933528321482001,False,Default,0.6945923165829467,False
exponent,7Networks_RH_Default_Temp_1,NCBP_trans_vs_HC,Transitioners − HC,NCBP_trans,HC,-0.01463355990441029,0.0442758764512358,-0.33050864437494043,0.7410156620111292,-0.10141268313277754,0.07214556332395697,-0.06940885389555283,0.2096311362343968,137,0.7723384601432899,False,Default,0.6945923165829467,False
exponent,7Networks_RH_Default_Temp_1,NCBP_nontrans_vs_HC,Non-transitioners − HC,NCBP_nontrans,HC,-0.025608323774426782,0.04293900948255577,-0.5963883210866873,0.550915840680859,-0.10976723589205997,0.0585505883432064,-0.12146356833059539,0.2096311362343968,137,0.6481362831539518,False,Default,0.6945923165829467,False
exponent,7Networks_RH_Default_Temp_2,NCBP_trans_vs_NCBP_nontrans,Transitioners − Non-transitioners,NCBP_trans,NCBP_nontrans,-0.02502564554802377,0.043574511633864145,-0.5743184400619873,0.5657523330364259,-0.1104301189943191,0.06037882789827154,-0.13146323812205649,0.18927865252011974,137,0.9933528321482001,False,Default,0.6945923165829467,False
exponent,7Networks_RH_Default_Temp_2,NCBP_trans_vs_HC,Transitioners − HC,NCBP_trans,HC,-0.02309686687149403,0.039597115657533065,-0.5832966994680588,0.5596935840194315,-0.1007057874519259,0.05451205370893784,-0.12133109228187065,0.18927865252011974,137,0.6150478945268477,False,Default,0.6945923165829467,False
exponent,7Networks_RH_Default_Temp_2,NCBP_nontrans_vs_HC,Non-transitioners − HC,NCBP_nontrans,HC,0.0019287786765297393,0.039763115501007695,0.048506729219466194,0.9613124016149508,-0.07600549561855169,0.07986305297161117,0.01013214584018583,0.18927865252011974,137,0.991043713005104,False,Default,0.6945923165829467,False
exponent,7Networks_RH_Default_Temp_3,NCBP_trans_vs_NCBP_nontrans,Transitioners − Non-transitioners,NCBP_trans,NCBP_nontrans,-0.0216892661548735,0.050049825434091116,-0.43335348258977135,0.6647579892748365,-0.11978512143820887,0.07640658912846186,-0.0970360863711562,0.22224513222950718,137,0.9933528321482001,False,Default,0.6945923165829467,False
exponent,7Networks_RH_Default_Temp_3,NCBP_trans_vs_HC,Transitioners − HC,NCBP_trans,HC,-0.04409423593479403,0.05042080976213093,-0.8745245493441373,0.3818326569691244,-0.14291720713991624,0.05472873527032816,-0.1972741749806688,0.22224513222950718,137,0.44921489055191105,False,Default,0.6945923165829467,False
exponent,7Networks_RH_Default_Temp_3,NCBP_nontrans_vs_HC,Non-transitioners − HC,NCBP_nontrans,HC,-0.022404969779920528,0.042129780506165095,-0.5318083671630304,0.5948587270782892,-0.10497782224858176,0.06016788268874071,-0.10023808860951261,0.22224513222950718,137,0.6683805922227969,False,Default,0.6945923165829467,False
exponent,7Networks_RH_Default_pCunPCC_1,NCBP_trans_vs_NCBP_nontrans,Transitioners − Non-transitioners,NCBP_trans,NCBP_nontrans,-0.03100260303693672,0.04810113295968305,-0.6445295802683523,0.5192320824510831,-0.12527909125348805,0.0632738851796146,-0.15581220532582388,0.1978414820982276,137,0.9933528321482001,False,Default,0.6945923165829467,False
exponent,7Networks_RH_Default_pCunPCC_1,NCBP_trans_vs_HC,Transitioners − HC,NCBP_trans,HC,-0.09888255124442183,0.042599079317340964,-2.3212368161245527,0.020274066203391967,-0.1823752124809752,-0.015389890007868431,-0.4969617667032996,0.1978414820982276,137,0.06335645688559989,False,Default,0.6945923165829467,False
exponent,7Networks_RH_Default_pCunPCC_1,NCBP_nontrans_vs_HC,Non-transitioners − HC,NCBP_nontrans,HC,-0.06787994820748511,0.04290580086441863,-1.5820692503091651,0.1136337624349913,-0.15197377262959313,0.01621387621462292,-0.3411495613774757,0.1978414820982276,137,0.23404888744920666,False,Default,0.6945923165829467,False
exponent,7Networks_RH_Default_pCunPCC_2,NCBP_trans_vs_NCBP_nontrans,Transitioners − Non-transitioners,NCBP_trans,NCBP_nontrans,-0.0488628823314704,0.04378694786721992,-1.1159234591925158,0.26445489916437437,-0.1346837231441544,0.03695795848121357,-0.281235453288184,0.17275462584110596,137,0.9933528321482001,False,Default,0.6945923165829467,False
exponent,7Networks_RH_Default_pCunPCC_2,NCBP_trans_vs_HC,Transitioners − HC,NCBP_trans,HC,-0.10089267411886964,0.039851958823628915,-2.5316866999031586,0.011351536760849544,-0.17900107812655552,-0.022784270111183738,-0.5806983866975551,0.17275462584110596,137,0.04068099144911155,True,Default,0.6945923165829467,False
exponent,7Networks_RH_Default_pCunPCC_2,NCBP_nontrans_vs_HC,Non-transitioners − HC,NCBP_nontrans,HC,-0.052029791787399235,0.03598187355530498,-1.4460000729930926,0.14817718134235142,-0.12255296805207118,0.01849338447727271,-0.2994629334093711,0.17275462584110596,137,0.27462837634750764,False,Default,0.6945923165829467,False
exponent,7Networks_RH_DorsAttn_FEF_1,NCBP_trans_vs_NCBP_nontrans,Transitioners − Non-transitioners,NCBP_trans,NCBP_nontrans,-0.00031313047464629623,0.037585793936238586,-0.008331085813366031,0.9933528321482001,-0.07397993292001787,0.07335367197072529,-0.0020146943075056885,0.1545385555839621,137,0.9933528321482001,False,DorsAttn,0.6945923165829467,False
exponent,7Networks_RH_DorsAttn_FEF_1,NCBP_trans_vs_HC,Transitioners − HC,NCBP_trans,HC,-0.05744966280800824,0.0328802105148133,-1.7472413317465176,0.08059548500986526,-0.12189369122113751,0.006994365605121025,-0.36963348507728677,0.1545385555839621,137,0.14925089816641712,False,DorsAttn,0.6945923165829467,False
exponent,7Networks_RH_DorsAttn_FEF_1,NCBP_nontrans_vs_HC,Non-transitioners − HC,NCBP_nontrans,HC,-0.057136532333361946,0.03337225691325153,-1.7120967419699458,0.08687884169220482,-0.12254495396615278,0.008271889299428896,-0.3676187907697811,0.1545385555839621,137,0.21127264603711385,False,DorsAttn,0.6945923165829467,False
exponent,7Networks_RH_DorsAttn_Post_1,NCBP_trans_vs_NCBP_nontrans,Transitioners − Non-transitioners,NCBP_trans,NCBP_nontrans,-0.03424572736012702,0.05046970551152671,-0.6785402651558109,0.49742920285903747,-0.13316453247306204,0.06467307775280798,-0.15204662618657042,0.22394959361854483,137,0.9933528321482001,False,DorsAttn,0.6945923165829467,False
exponent,7Networks_RH_DorsAttn_Post_1,NCBP_trans_vs_HC,Transitioners − HC,NCBP_trans,HC,-0.08945988413121424,0.052662698532418326,-1.698733384810202,0.08936943012070095,-0.1926768765834445,0.013757108321016037,-0.39719038285137426,0.22394959361854483,137,0.15589716974412673,False,DorsAttn,0.6945923165829467,False
exponent,7Networks_RH_DorsAttn_Post_1,NCBP_nontrans_vs_HC,Non-transitioners − HC,NCBP_nontrans,HC,-0.055214156771087215,0.0422574031277195,-1.3066149996062701,0.1913434997978074,-0.13803714498160766,0.027608831439433233,-0.24514375666480384,0.22394959361854483,137,0.3136778685209958,False,DorsAttn,0.6945923165829467,False
exponent,7Networks_RH_DorsAttn_Post_2,NCBP_trans_vs_NCBP_nontrans,Transitioners − Non-transitioners,NCBP_trans,NCBP_nontrans,-0.011962869794884284,0.03949781304317704,-0.30287423209500414,0.7619857093849445,-0.08937716082760767,0.0654514212378391,-0.07468286092518091,0.15927041116898805,137,0.9933528321482001,False,DorsAttn,0.6945923165829467,False
exponent,7Networks_RH_DorsAttn_Post_2,NCBP_trans_vs_HC,Transitioners − HC,NCBP_trans,HC,-0.08421870340696821,0.03493453864567915,-2.4107575674935884,0.01591942630772594,-0.15268914096902203,-0.0157482658449144,-0.5257679655203926,0.15927041116898805,137,0.05306475435908647,False,DorsAttn,0.6945923165829467,False
exponent,7Networks_RH_DorsAttn_Post_2,NCBP_nontrans_vs_HC,Non-transitioners − HC,NCBP_nontrans,HC,-0.07225583361208393,0.03351530844435796,-2.155905374764577,0.031091054705901473,-0.1379446310937767,-0.006567036130391182,-0.4510851045952117,0.15927041116898805,137,0.15545527352950736,False,DorsAttn,0.6945923165829467,False
exponent,7Networks_RH_DorsAttn_Post_3,NCBP_trans_vs_NCBP_nontrans,Transitioners − Non-transitioners,NCBP_trans,NCBP_nontrans,0.0035805711350794384,0.0396259738991453,0.0903591958192015,0.9280017810208228,-0.07408491055956958,0.08124605282972845,0.022777085676334817,0.15630570248474496,137,0.9933528321482001,False,DorsAttn,0.6945923165829467,False
exponent,7Networks_RH_DorsAttn_Post_3,NCBP_trans_vs_HC,Transitioners − HC,NCBP_trans,HC,-0.06673521623157318,0.034217003350652794,-1.9503524475149574,0.05113412546420188,-0.13379931045773902,0.00032887799459264955,-0.42452270333167075,0.15630570248474496,137,0.10463565865003419,False,DorsAttn,0.6945923165829467,False
exponent,7Networks_RH_DorsAttn_Post_3,NCBP_nontrans_vs_HC,Non-transitioners − HC,NCBP_nontrans,HC,-0.07031578736665262,0.03362556285922119,-2.0911408282157513,0.03651544172252037,-0.13622067953061384,-0.0044108952026913895,-0.4472997890080056,0.15630570248474496,137,0.16597928055691077,False,DorsAttn,0.6945923165829467,False
exponent,7Networks_RH_DorsAttn_Post_4,NCBP_trans_vs_NCBP_nontrans,Transitioners − Non-transitioners,NCBP_trans,NCBP_nontrans,-0.007219196522424115,0.03749701443558611,-0.1925272353303099,0.8473292362378655,-0.08071199434395139,0.06627360129910316,-0.043867524633325224,0.16363131011015028,137,0.9933528321482001,False,DorsAttn,0.6945923165829467,False
exponent,7Networks_RH_DorsAttn_Post_4,NCBP_trans_vs_HC,Transitioners − HC,NCBP_trans,HC,-0.10532093112740518,0.03443562226286671,-3.058487816001423,0.0022245712506402393,-0.1728135105478496,-0.03782835170696075,-0.6399837608361438,0.16363131011015028,137,0.02780714063300299,True,DorsAttn,0.6945923165829467,False
exponent,7Networks_RH_DorsAttn_Post_4,NCBP_nontrans_vs_HC,Non-transitioners − HC,NCBP_nontrans,HC,-0.09810173460498106,0.034457123032107205,-2.8470669043834476,0.004412408797143045,-0.16563645475877675,-0.030567014451185356,-0.5961162362028186,0.16363131011015028,137,0.06303441138775778,False,DorsAttn,0.6945923165829467,False
exponent,7Networks_RH_DorsAttn_Post_5,NCBP_trans_vs_NCBP_nontrans,Transitioners − Non-transitioners,NCBP_trans,NCBP_nontrans,0.005207949826910946,0.035642363192153526,0.14611684973956632,0.8838291450077043,-0.06464979835360604,0.07506569800742793,0.03344765102209929,0.15481813805942166,137,0.9933528321482001,False,DorsAttn,0.6945923165829467,False
exponent,7Networks_RH_DorsAttn_Post_5,NCBP_trans_vs_HC,Transitioners − HC,NCBP_trans,HC,-0.09540893270726503,0.032192042173309975,-2.9637427844315942,0.0030392220871066156,-0.15850417595574712,-0.03231368945878295,-0.6127564188682657,0.15481813805942166,137,0.030392220871066154,True,DorsAttn,0.6945923165829467,False
exponent,7Networks_RH_DorsAttn_Post_5,NCBP_nontrans_vs_HC,Non-transitioners − HC,NCBP_nontrans,HC,-0.10061688253417597,0.03320484501801389,-3.030186783874176,0.002444025395356937,-0.16569718288171745,-0.0355365821866345,-0.646204069890365,0.15481813805942166,137,0.059276824854781654,False,DorsAttn,0.6945923165829467,False
exponent,7Networks_RH_DorsAttn_PrCv_1,NCBP_trans_vs_NCBP_nontrans,Transitioners − Non-transitioners,NCBP_trans,NCBP_nontrans,-0.011477044026800071,0.04634336722361006,-0.2476523548973581,0.8044033988657912,-0.10230837470738978,0.07935428665378964,-0.0679745350285581,0.16788213123538584,137,0.9933528321482001,False,DorsAttn,0.6945923165829467,False
exponent,7Networks_RH_DorsAttn_PrCv_1,NCBP_trans_vs_HC,Transitioners − HC,NCBP_trans,HC,-0.02884396548779451,0.04158006165738039,-0.6936970350229088,0.48787222581264345,-0.1103393888112149,0.05265145783562587,-0.17083276302106,0.16788213123538584,137,0.5544002566052766,False,DorsAttn,0.6945923165829467,False
exponent,7Networks_RH_DorsAttn_PrCv_1,NCBP_nontrans_vs_HC,Non-transitioners − HC,NCBP_nontrans,HC,-0.017366921460994438,0.03388822939696539,-0.5124765079213494,0.6083175575512733,-0.08378663057887811,0.049052787656889245,-0.10285822799250191,0.16788213123538584,137,0.6759083972791925,False,DorsAttn,0.6945923165829467,False
exponent,7Networks_RH_Limbic_OFC_1,NCBP_trans_vs_NCBP_nontrans,Transitioners − Non-transitioners,NCBP_trans,NCBP_nontrans,0.008102437757833304,0.04355511616974849,0.18602723331641366,0.8524234049766852,-0.0772640212773319,0.0934688967929985,0.04297593904243125,0.18746103059606875,137,0.9933528321482001,False,Limbic,0.6945923165829467,False
exponent,7Networks_RH_Limbic_OFC_1,NCBP_trans_vs_HC,Transitioners − HC,NCBP_trans,HC,-0.013158297611248045,0.039880819901137315,-0.3299404988128842,0.7414449217375583,-0.09132326829140541,0.06500667306890934,-0.06979259982546093,0.18746103059606875,137,0.7723384601432899,False,Limbic,0.6945923165829467,False
exponent,7Networks_RH_Limbic_OFC_1,NCBP_nontrans_vs_HC,Non-transitioners − HC,NCBP_nontrans,HC,-0.021260735369081348,0.0398348398268725,-0.533722125192001,0.5935337992381364,-0.0993355867596732,0.0568141160215105,-0.11276853886789219,0.18746103059606875,137,0.6683805922227969,False,Limbic,0.6945923165829467,False
exponent,7Networks_RH_Limbic_TempPole_1,NCBP_trans_vs_NCBP_nontrans,Transitioners − Non-transitioners,NCBP_trans,NCBP_nontrans,-0.00947745298540989,0.044742166266770515,-0.21182373980065164,0.8322445470716708,-0.09717048745858302,0.07821558148776324,-0.049288791246126645,0.19118954638357957,137,0.9933528321482001,False,Limbic,0.6945923165829467,False
exponent,7Networks_RH_Limbic_TempPole_1,NCBP_trans_vs_HC,Transitioners − HC,NCBP_trans,HC,-0.030100702895868005,0.0394248992311373,-0.7634947325900794,0.44516840252418965,-0.10737208548301799,0.047170679691281976,-0.15654282471040426,0.19118954638357957,137,0.5176376773537089,False,Limbic,0.6945923165829467,False
exponent,7Networks_RH_Limbic_TempPole_1,NCBP_nontrans_vs_HC,Non-transitioners − HC,NCBP_nontrans,HC,-0.020623249910458115,0.041059416632242975,-0.5022782007638943,0.6154718411433734,-0.10109822773587923,0.059851727914962995,-0.10725403346427761,0.19118954638357957,137,0.6763426825751355,False,Limbic,0.6945923165829467,False
exponent,7Networks_RH_SalVentAttn_FrOperIns_1,NCBP_trans_vs_NCBP_nontrans,Transitioners − Non-transitioners,NCBP_trans,NCBP_nontrans,-0.029082109163445148,0.0453552006178578,-0.6412078166840826,0.5213876717394235,-0.11797666888603525,0.05981245055914495,-0.1663750832977364,0.17380340725726684,137,0.9933528321482001,False,SalVentAttn,0.6945923165829467,False
exponent,7Networks_RH_SalVentAttn_FrOperIns_1,NCBP_trans_vs_HC,Transitioners − HC,NCBP_trans,HC,-0.02779901555215141,0.03988004809895878,-0.6970657478439002,0.48576164857470605,-0.10596247352783567,0.05036444242353285,-0.15903466636793143,0.17380340725726684,137,0.5544002566052766,False,SalVentAttn,0.6945923165829467,False
exponent,7Networks_RH_SalVentAttn_FrOperIns_1,NCBP_nontrans_vs_HC,Non-transitioners − HC,NCBP_nontrans,HC,0.0012830936112937386,0.03626515976264507,0.035380889528450095,0.9717760231175142,-0.06979531341708174,0.07236150063966922,0.007340416929804975,0.17380340725726684,137,0.9916081868546064,False,SalVentAttn,0.6945923165829467,False
exponent,7Networks_RH_SalVentAttn_Med_1,NCBP_trans_vs_NCBP_nontrans,Transitioners − Non-transitioners,NCBP_trans,NCBP_nontrans,-0.012105293433427894,0.034390377088849934,-0.3519965309526274,0.7248408641028228,-0.0795091939423252,0.05529860707546941,-0.08182431092250975,0.14710032640570164,137,0.9933528321482001,False,SalVentAttn,0.6945923165829467,False
exponent,7Networks_RH_SalVentAttn_Med_1,NCBP_trans_vs_HC,Transitioners − HC,NCBP_trans,HC,-0.07162953081616372,0.03322040274181319,-2.1561909219723727,0.031068760112127045,-0.13674032374203324,-0.006518737890294196,-0.48417141087637267,0.14710032640570164,137,0.07445989827323006,False,SalVentAttn,0.6945923165829467,False
exponent,7Networks_RH_SalVentAttn_Med_1,NCBP_nontrans_vs_HC,Non-transitioners − HC,NCBP_nontrans,HC,-0.05952423738273582,0.02963736580679635,-2.008418621640318,0.04459882571374168,-0.11761240696069555,-0.0014360678047760922,-0.402347099953863,0.14710032640570164,137,0.1725614034172206,False,SalVentAttn,0.6945923165829467,False
exponent,7Networks_RH_SalVentAttn_Med_2,NCBP_trans_vs_NCBP_nontrans,Transitioners − Non-transitioners,NCBP_trans,NCBP_nontrans,0.008407051790899261,0.0362044654508325,0.23221035544127738,0.816374635086041,-0.06255239657225713,0.07936650015405565,0.056722675252150495,0.14736952680573723,137,0.9933528321482001,False,SalVentAttn,0.6945923165829467,False
exponent,7Networks_RH_SalVentAttn_Med_2,NCBP_trans_vs_HC,Transitioners − HC,NCBP_trans,HC,-0.09204415946335387,0.03207368557578794,-2.869771833544348,0.004107680869104311,-0.15490742804336005,-0.029180890883347674,-0.6210251936057732,0.14736952680573723,137,0.03423067390920259,True,SalVentAttn,0.6945923165829467,False
exponent,7Networks_RH_SalVentAttn_Med_2,NCBP_nontrans_vs_HC,Non-transitioners − HC,NCBP_nontrans,HC,-0.10045121125425313,0.031420488634687,-3.196997106638211,0.0013886631945558266,-0.16203423735488975,-0.038868185153616515,-0.6777478688579237,0.14736952680573723,137,0.059276824854781654,False,SalVentAttn,0.6945923165829467,False
exponent,7Networks_RH_SalVentAttn_TempOccPar_1,NCBP_trans_vs_NCBP_nontrans,Transitioners − Non-transitioners,NCBP_trans,NCBP_nontrans,-0.022948873526091762,0.05049311593229318,-0.4544950950712604,0.6494725214652379,-0.12191356222059199,0.07601581516840847,-0.10312413925041368,0.2212695780369856,137,0.9933528321482001,False,SalVentAttn,0.6945923165829467,False
exponent,7Networks_RH_SalVentAttn_TempOccPar_1,NCBP_trans_vs_HC,Transitioners − HC,NCBP_trans,HC,-0.0848400598615428,0.049493296752603784,-1.714172735059914,0.08649700668599189,-0.18184513897279944,0.012165019249713832,-0.38124129000179097,0.2212695780369856,137,0.15445894051069978,False,SalVentAttn,0.6945923165829467,False
exponent,7Networks_RH_SalVentAttn_TempOccPar_1,NCBP_nontrans_vs_HC,Non-transitioners − HC,NCBP_nontrans,HC,-0.06189118633545104,0.04375204267620361,-1.414589640842373,0.1571888478476231,-0.14764361423086958,0.02386124155996748,-0.2781171507513773,0.2212695780369856,137,0.2777543004783898,False,SalVentAttn,0.6945923165829467,False
exponent,7Networks_RH_SalVentAttn_TempOccPar_2,NCBP_trans_vs_NCBP_nontrans,Transitioners − Non-transitioners,NCBP_trans,NCBP_nontrans,0.008525191964098094,0.04749576522180274,0.17949372800471566,0.8575500416859596,-0.08456479728880532,0.10161518121700151,0.04527849659608392,0.1872116367991726,137,0.9933528321482001,False,SalVentAttn,0.6945923165829467,False
exponent,7Networks_RH_SalVentAttn_TempOccPar_2,NCBP_trans_vs_HC,Transitioners − HC,NCBP_trans,HC,-0.06380407552193007,0.041357936419094,-1.5427287008563901,0.12289661512584522,-0.14486414137825177,0.017255990334391624,-0.33887244164145025,0.1872116367991726,137,0.19202596113413317,False,SalVentAttn,0.6945923165829467,False
exponent,7Networks_RH_SalVentAttn_TempOccPar_2,NCBP_nontrans_vs_HC,Non-transitioners − HC,NCBP_nontrans,HC,-0.07232926748602816,0.0401850845082055,-1.7999033315771442,0.07187590352846905,-0.15109058583780943,0.006432050865753089,-0.38415093823753416,0.1872116367991726,137,0.19965528757908071,False,SalVentAttn,0.6945923165829467,False
exponent,7Networks_RH_SomMot_1,NCBP_trans_vs_NCBP_nontrans,Transitioners − Non-transitioners,NCBP_trans,NCBP_nontrans,-0.010698310306296567,0.045012772850403074,-0.23767276772421203,0.8121349067042162,-0.09892172393736895,0.0775251033247758,-0.052465953665578664,0.20274879928630568,137,0.9933528321482001,False,SomMot,0.6945923165829467,False
exponent,7Networks_RH_SomMot_1,NCBP_trans_vs_HC,Transitioners − HC,NCBP_trans,HC,-0.04837473599569261,0.044606530912156245,-1.0844765330654629,0.27815356633381805,-0.13580193005879146,0.03905245806740624,-0.23723621625004043,0.20274879928630568,137,0.36601960219068114,False,SomMot,0.6945923165829467,False
exponent,7Networks_RH_SomMot_1,NCBP_nontrans_vs_HC,Non-transitioners − HC,NCBP_nontrans,HC,-0.03767642568939604,0.03946527825296168,-0.9546727492430287,0.3397432148221754,-0.11502694970505276,0.039674098326260676,-0.18477026258446178,0.20274879928630568,137,0.4541871728754036,False,SomMot,0.6945923165829467,False
exponent,7Networks_RH_SomMot_2,NCBP_trans_vs_NCBP_nontrans,Transitioners − Non-transitioners,NCBP_trans,NCBP_nontrans,-0.03222327179408953,0.04252144221321106,-0.7578122969704453,0.44856335968532424,-0.11556376710268433,0.051117223514505275,-0.18635575391038006,0.17192835175194884,137,0.9933528321482001,False,SomMot,0.6945923165829467,False
exponent,7Networks_RH_SomMot_2,NCBP_trans_vs_HC,Transitioners − HC,NCBP_trans,HC,-0.07427731930600928,0.037688357720418716,-1.9708292904937983,0.048743405190208346,-0.14814514307449206,-0.00040949553752650525,-0.4295654993125907,0.17192835175194884,137,0.10370937274512415,False,SomMot,0.6945923165829467,False
exponent,7Networks_RH_SomMot_2,NCBP_nontrans_vs_HC,Non-transitioners − HC,NCBP_nontrans,HC,-0.042054047511919754,0.036446170442967184,-1.1538673885567226,0.24855454099291274,-0.11348722895454366,0.029379133930704154,-0.2432097454022106,0.17192835175194884,137,0.36612216048533375,False,SomMot,0.6945923165829467,False
exponent,7Networks_RH_SomMot_3,NCBP_trans_vs_NCBP_nontrans,Transitioners − Non-transitioners,NCBP_trans,NCBP_nontrans,-0.048607744662309965,0.05277719114429174,-0.9209990832861379,0.35705090563196473,-0.15204913851030805,0.05483364918568813,-0.23617690480729708,0.20463914654536952,137,0.9933528321482001,False,SomMot,0.6945923165829467,False
exponent,7Networks_RH_SomMot_3,NCBP_trans_vs_HC,Transitioners − HC,NCBP_trans,HC,-0.04815798233297561,0.04915288620987725,-0.9797589937515874,0.32720509796309893,-0.1444958690405305,0.04817990437457928,-0.23399158484277152,0.20463914654536952,137,0.4039569110655542,False,SomMot,0.6945923165829467,False
exponent,7Networks_RH_SomMot_3,NCBP_nontrans_vs_HC,Non-transitioners − HC,NCBP_nontrans,HC,0.0004497623293343578,0.03976344158649745,0.011310950747459556,0.9909753594628294,-0.07748515108156287,0.07838467574023159,0.0021853199645256037,0.20463914654536952,137,0.993872354278738,False,SomMot,0.6945923165829467,False
exponent,7Networks_RH_SomMot_4,NCBP_trans_vs_NCBP_nontrans,Transitioners − Non-transitioners,NCBP_trans,NCBP_nontrans,-0.020257505743757898,0.050901235438930575,-0.3979767007435822,0.6906473603676127,-0.12002209397265567,0.07950708248513988,-0.10895471076712553,0.18486752644683502,137,0.9933528321482001,False,SomMot,0.6945923165829467,False
exponent,7Networks_RH_SomMot_4,NCBP_trans_vs_HC,Transitioners − HC,NCBP_trans,HC,-0.06894444616927128,0.04280529544041459,-1.6106522676672719,0.10725553479989436,-0.15284128358008048,0.014952391241537896,-0.3708167375782324,0.18486752644683502,137,0.17582874557359732,False,SomMot,0.6945923165829467,False
exponent,7Networks_RH_SomMot_4,NCBP_nontrans_vs_HC,Non-transitioners − HC,NCBP_nontrans,HC,-0.048686940425513386,0.03986543627083666,-1.2212820172027077,0.22197925971496235,-0.12682175974433002,0.029447878893303234,-0.2618620268111069,0.18486752644683502,137,0.33633221168933686,False,SomMot,0.6945923165829467,False
exponent,7Networks_RH_SomMot_5,NCBP_trans_vs_NCBP_nontrans,Transitioners − Non-transitioners,NCBP_trans,NCBP_nontrans,-0.03214816465673391,0.04031623915550939,-0.7973998897250991,0.42521882330422645,-0.11116654139363583,0.046870212080168006,-0.1921605386526647,0.16634610961716392,137,0.9933528321482001,False,SomMot,0.6945923165829467,False
exponent,7Networks_RH_SomMot_5,NCBP_trans_vs_HC,Transitioners − HC,NCBP_trans,HC,-0.09352730219149098,0.03548225514210779,-2.6358894556422796,0.008391706490013938,-0.1630712443602834,-0.023983360022698574,-0.5590445662994605,0.16634610961716392,137,0.04068099144911155,True,SomMot,0.6945923165829467,False
exponent,7Networks_RH_SomMot_5,NCBP_nontrans_vs_HC,Non-transitioners − HC,NCBP_nontrans,HC,-0.06137913753475707,0.03542344344421133,-1.7327264536386353,0.0831443003329005,-0.13080781089380278,0.008049535824288634,-0.3668840276467959,0.16634610961716392,137,0.21127264603711385,False,SomMot,0.6945923165829467,False
exponent,7Networks_RH_SomMot_6,NCBP_trans_vs_NCBP_nontrans,Transitioners − Non-transitioners,NCBP_trans,NCBP_nontrans,0.00450512341972048,0.042098501405722244,0.10701386674795318,0.9147779788550885,-0.07800642313860395,0.08701666997804491,0.027425255974817292,0.16333402904112534,137,0.9933528321482001,False,SomMot,0.6945923165829467,False
exponent,7Networks_RH_SomMot_6,NCBP_trans_vs_HC,Transitioners − HC,NCBP_trans,HC,-0.0680594079365099,0.03543742822330196,-1.9205515566097793,0.05478826744961951,-0.13751549095890497,0.001396675085885174,-0.41431643714415817,0.16333402904112534,137,0.1074279753914108,False,SomMot,0.6945923165829467,False
exponent,7Networks_RH_SomMot_6,NCBP_nontrans_vs_HC,Non-transitioners − HC,NCBP_nontrans,HC,-0.07256453135623038,0.03554228291413391,-2.0416395742371978,0.0411872967196415,-0.14222612579626615,-0.002902936916194601,-0.4417416931189755,0.16333402904112534,137,0.17161373633183957,False,SomMot,0.6945923165829467,False
exponent,7Networks_RH_SomMot_7,NCBP_trans_vs_NCBP_nontrans,Transitioners − Non-transitioners,NCBP_trans,NCBP_nontrans,0.020804238911956735,0.04099372021150759,0.5074981925186838,0.61180530429608,-0.059541976294909815,0.10115045411882329,0.13045671337157877,0.15856453972209664,137,0.9933528321482001,False,SomMot,0.6945923165829467,False
exponent,7Networks_RH_SomMot_7,NCBP_trans_vs_HC,Transitioners − HC,NCBP_trans,HC,-0.07300795672988819,0.03312391878863866,-2.2040857301862955,0.02751831550884185,-0.13792964458244958,-0.008086268877326802,-0.4578094937893518,0.15856453972209664,137,0.07241661976011013,False,SomMot,0.6945923165829467,False
exponent,7Networks_RH_SomMot_7,NCBP_nontrans_vs_HC,Non-transitioners − HC,NCBP_nontrans,HC,-0.09381219564184493,0.03522398120657575,-2.663304726733493,0.007737730738875508,-0.16284993019884914,-0.02477446108484073,-0.5882662071609306,0.15856453972209664,137,0.08597478598750564,False,SomMot,0.6945923165829467,False
exponent,7Networks_RH_SomMot_8,NCBP_trans_vs_NCBP_nontrans,Transitioners − Non-transitioners,NCBP_trans,NCBP_nontrans,-0.015136203803016751,0.03812377158539782,-0.3970279742420402,0.6913468319182048,-0.08985742306522795,0.05958501545919445,-0.09175197234438402,0.16402960144009562,137,0.9933528321482001,False,SomMot,0.6945923165829467,False
exponent,7Networks_RH_SomMot_8,NCBP_trans_vs_HC,Transitioners − HC,NCBP_trans,HC,-0.09790325636796718,0.03366557354292543,-2.9081119394308024,0.0036361815449509846,-0.16388656803098553,-0.03191994470494883,-0.593465639575263,0.16402960144009562,137,0.033056195863190765,True,SomMot,0.6945923165829467,False
exponent,7Networks_RH_SomMot_8,NCBP_nontrans_vs_HC,Non-transitioners − HC,NCBP_nontrans,HC,-0.08276705256495043,0.035555644956520596,-2.3278175003199224,0.019921796410835482,-0.152454836126824,-0.013079269003076849,-0.5017136672308788,0.16402960144009562,137,0.13281197607223655,False,SomMot,0.6945923165829467,False
exponent,7Networks_RH_Vis_1,NCBP_trans_vs_NCBP_nontrans,Transitioners − Non-transitioners,NCBP_trans,NCBP_nontrans,-0.0675953213914036,0.04153431108628283,-1.6274573870018445,0.10363999191189405,-0.14900107524320066,0.013810432460393443,-0.3633327463722767,0.18498340422538948,137,0.9933528321482001,False,Vis,0.6945923165829467,False
exponent,7Networks_RH_Vis_1,NCBP_trans_vs_HC,Transitioners − HC,NCBP_trans,HC,-0.08896739992076107,0.03970612885322132,-2.240646532167369,0.025048980041822537,-0.16678998243858154,-0.011144817402940599,-0.47821016433426816,0.18498340422538948,137,0.07156851440520726,False,Vis,0.6945923165829467,False
exponent,7Networks_RH_Vis_1,NCBP_nontrans_vs_HC,Non-transitioners − HC,NCBP_nontrans,HC,-0.02137207852935746,0.03734488763085778,-0.572289271308394,0.5671260169306638,-0.09456671329253406,0.051822556233819136,-0.11487741796199145,0.18498340422538948,137,0.6594488568961206,False,Vis,0.6945923165829467,False
exponent,7Networks_RH_Vis_2,NCBP_trans_vs_NCBP_nontrans,Transitioners − Non-transitioners,NCBP_trans,NCBP_nontrans,-0.052796532479051875,0.059378944824327186,-0.8891456834615468,0.37392478982737176,-0.1691771257747242,0.06358406081662045,-0.19450485739307938,0.26989548570608657,137,0.9933528321482001,False,Vis,0.6945923165829467,False
exponent,7Networks_RH_Vis_2,NCBP_trans_vs_HC,Transitioners − HC,NCBP_trans,HC,-0.14112686794757112,0.05329199648425836,-2.648181289084522,0.008092611500382645,-0.24557726172095268,-0.036676474174189566,-0.5199178816405333,0.26989548570608657,137,0.04068099144911155,True,Vis,0.6945923165829467,False
exponent,7Networks_RH_Vis_2,NCBP_nontrans_vs_HC,Non-transitioners − HC,NCBP_nontrans,HC,-0.08833033546851925,0.05868733765194193,-1.505100401595683,0.13229826579087814,-0.2033554036148669,0.026694732677828403,-0.32541302424745394,0.26989548570608657,137,0.2645965315817563,False,Vis,0.6945923165829467,False
exponent,7Networks_RH_Vis_3,NCBP_trans_vs_NCBP_nontrans,Transitioners − Non-transitioners,NCBP_trans,NCBP_nontrans,-0.006554354198391857,0.056385091599859646,-0.11624268068774711,0.907460211709123,-0.1170671029991087,0.10395839460232499,-0.02573314743641283,0.253254791325984,137,0.9933528321482001,False,Vis,0.6945923165829467,False
exponent,7Networks_RH_Vis_3,NCBP_trans_vs_HC,Transitioners − HC,NCBP_trans,HC,-0.05300157454721301,0.055980319829588975,-0.9467894200775623,0.3437460940069528,-0.16272098525624082,0.056717836161814805,-0.20809026959820037,0.253254791325984,137,0.4192025536670156,False,Vis,0.6945923165829467,False
exponent,7Networks_RH_Vis_3,NCBP_nontrans_vs_HC,Non-transitioners − HC,NCBP_nontrans,HC,-0.04644722034882115,0.04934524181222997,-0.9412704982896536,0.3465662571637057,-0.1431621171092119,0.05026767641156958,-0.18235712216178757,0.253254791325984,137,0.4541871728754036,False,Vis,0.6945923165829467,False
exponent,7Networks_RH_Vis_4,NCBP_trans_vs_NCBP_nontrans,Transitioners − Non-transitioners,NCBP_trans,NCBP_nontrans,0.06666550131991138,0.08255764947241431,0.8075024149299077,0.4193770837574835,-0.09514451829430286,0.2284755209341256,0.1963859488815147,0.33752924631277925,137,0.9933528321482001,False,Vis,0.6945923165829467,False
exponent,7Networks_RH_Vis_4,NCBP_trans_vs_HC,Transitioners − HC,NCBP_trans,HC,-0.11997462489083625,0.07085738532894546,-1.6931844765915494,0.0904203584515935,-0.2588525481742462,0.018903298392573667,-0.3534261362233763,0.33752924631277925,137,0.15589716974412673,False,Vis,0.6945923165829467,False
exponent,7Networks_RH_Vis_4,NCBP_nontrans_vs_HC,Non-transitioners − HC,NCBP_nontrans,HC,-0.18664012621074763,0.07239216574132956,-2.578181275549165,0.009932187860970202,-0.32852616382660793,-0.04475408859488736,-0.549812085104891,0.33752924631277925,137,0.09029261691791092,False,Vis,0.6945923165829467,False
exponent,7Networks_RH_Vis_5,NCBP_trans_vs_NCBP_nontrans,Transitioners − Non-transitioners,NCBP_trans,NCBP_nontrans,-0.008500795901840594,0.06142287306115151,-0.1383978879232392,0.8899259661476602,-0.12888741492867306,0.11188582312499187,-0.032907049313166924,0.256856948609302,137,0.9933528321482001,False,Vis,0.6945923165829467,False
exponent,7Networks_RH_Vis_5,NCBP_trans_vs_HC,Transitioners − HC,NCBP_trans,HC,-0.11474466357790346,0.052917570263838705,-2.1683660645378193,0.030130845545457093,-0.21846119544439505,-0.01102813171141187,-0.44418291491544426,0.256856948609302,137,0.07445989827323006,False,Vis,0.6945923165829467,False
exponent,7Networks_RH_Vis_5,NCBP_nontrans_vs_HC,Non-transitioners − HC,NCBP_nontrans,HC,-0.10624386767606286,0.05532504225606734,-1.9203576417406423,0.05481274007011117,-0.21467895794111147,0.0021912225889857417,-0.41127586560227736,0.256856948609302,137,0.1765062095803588,False,Vis,0.6945923165829467,False
exponent,7Networks_RH_Vis_6,NCBP_trans_vs_NCBP_nontrans,Transitioners − Non-transitioners,NCBP_trans,NCBP_nontrans,-0.04840059697191944,0.050693261013299504,-0.9547737905285166,0.3396921043410219,-0.1477575628168749,0.050956368873036034,-0.21875452847556603,0.21999577374390586,137,0.9933528321482001,False,Vis,0.6945923165829467,False
exponent,7Networks_RH_Vis_6,NCBP_trans_vs_HC,Transitioners − HC,NCBP_trans,HC,-0.11754948197139872,0.04412500372963409,-2.66401069769096,0.007721510712578939,-0.2040329000991771,-0.031066063843620345,-0.5312843871764462,0.21999577374390586,137,0.04068099144911155,True,Vis,0.6945923165829467,False
exponent,7Networks_RH_Vis_6,NCBP_nontrans_vs_HC,Non-transitioners − HC,NCBP_nontrans,HC,-0.06914888499947928,0.04901587976773067,-1.4107445449750566,0.15831995127268217,-0.16521824401477692,0.026920474015818333,-0.3125298587008802,0.21999577374390586,137,0.2777543004783898,False,Vis,0.6945923165829467,False
exponent,7Networks_RH_Vis_7,NCBP_trans_vs_NCBP_nontrans,Transitioners − Non-transitioners,NCBP_trans,NCBP_nontrans,0.03336011011206885,0.06230938969164878,0.5353945894376181,0.5923770306934306,-0.08876404958223406,0.15548426980637176,0.1306978453601068,0.2537930466299017,137,0.9933528321482001,False,Vis,0.6945923165829467,False
exponent,7Networks_RH_Vis_7,NCBP_trans_vs_HC,Transitioners − HC,NCBP_trans,HC,-0.11391677853393661,0.05257209668283275,-2.1668677059086323,0.030244943012085555,-0.21695619462404644,-0.010877362443826782,-0.4463018093985137,0.2537930466299017,137,0.07445989827323006,False,Vis,0.6945923165829467,False
exponent,7Networks_RH_Vis_7,NCBP_nontrans_vs_HC,Non-transitioners − HC,NCBP_nontrans,HC,-0.14727688864600547,0.05606131919970056,-2.6270678383678154,0.008612416224591362,-0.2571550552032224,-0.03739872208878853,-0.5769996547586206,0.2537930466299017,137,0.08612416224591361,False,Vis,0.6945923165829467,False
exponent,7Networks_RH_Vis_8,NCBP_trans_vs_NCBP_nontrans,Transitioners − Non-transitioners,NCBP_trans,NCBP_nontrans,0.019455416457206928,0.052607654685035504,0.369821018893304,0.7115158530349726,-0.0836536920365825,0.12256452495099636,0.08895894954095628,0.21745608126768515,137,0.9933528321482001,False,Vis,0.6945923165829467,False
exponent,7Networks_RH_Vis_8,NCBP_trans_vs_HC,Transitioners − HC,NCBP_trans,HC,-0.11567617386543168,0.046241783042447714,-2.501550897361517,0.012365066748511198,-0.2063084032095442,-0.025043944521319153,-0.5289237028988863,0.21745608126768515,137,0.04263816120176275,True,Vis,0.6945923165829467,False
exponent,7Networks_RH_Vis_8,NCBP_nontrans_vs_HC,Non-transitioners − HC,NCBP_nontrans,HC,-0.1351315903226386,0.046350909696588456,-2.9154031972016425,0.0035522928812089494,-0.22597770397862033,-0.04428547666665687,-0.6178826524398427,0.21745608126768515,137,0.059276824854781654,False,Vis,0.6945923165829467,False
offset,7Networks_LH_Cont_Cing_1,NCBP_trans_vs_NCBP_nontrans,Transitioners − Non-transitioners,NCBP_trans,NCBP_nontrans,-0.1253147389294035,0.08561091131049894,-1.4637706457171593,0.14325662546411377,-0.2931090417816342,0.042479563922827174,-0.3732036822795792,0.3338696218993594,137,0.4904337468128581,False,Cont,0.6945923165829467,False
offset,7Networks_LH_Cont_Cing_1,NCBP_trans_vs_HC,Transitioners − HC,NCBP_trans,HC,-0.07741200118541589,0.07664725659041881,-1.0099774555413465,0.3125060912651154,-0.22763786361643704,0.07281386124560527,-0.2305430641427094,0.3338696218993594,137,0.9439711193443103,False,Cont,0.6945923165829467,False
offset,7Networks_LH_Cont_Cing_1,NCBP_nontrans_vs_HC,Non-transitioners − HC,NCBP_nontrans,HC,0.04790273774398762,0.0687943621124953,0.6963177835075371,0.4862298385882474,-0.08693173433591,0.18273720982388525,0.14266061813686975,0.3338696218993594,137,0.8336174916763845,False,Cont,0.6945923165829467,False
offset,7Networks_LH_Cont_PFCl_1,NCBP_trans_vs_NCBP_nontrans,Transitioners − Non-transitioners,NCBP_trans,NCBP_nontrans,0.011719459376735741,0.11662008700021813,0.10049263105689349,0.9199532327890592,-0.21685171101761955,0.24029062977109103,0.025092088722228765,0.46439917042108686,137,0.938657704665701,False,Cont,0.6945923165829467,False
offset,7Networks_LH_Cont_PFCl_1,NCBP_trans_vs_HC,Transitioners − HC,NCBP_trans,HC,0.0400455676150587,0.10702596091576291,0.37416685888555046,0.7082801789201715,-0.16972146119062806,0.24981259642074546,0.08574004168859038,0.46439917042108686,137,0.9439711193443103,False,Cont,0.6945923165829467,False
offset,7Networks_LH_Cont_PFCl_1,NCBP_nontrans_vs_HC,Non-transitioners − HC,NCBP_nontrans,HC,0.02832610823832296,0.09317517413162553,0.304009179508563,0.7611208977143318,-0.1542938773129112,0.21094609378955712,0.060647952966361614,0.46439917042108686,137,0.8649101110390134,False,Cont,0.6945923165829467,False
offset,7Networks_LH_Cont_Par_1,NCBP_trans_vs_NCBP_nontrans,Transitioners − Non-transitioners,NCBP_trans,NCBP_nontrans,-0.08157503222082974,0.07051245435902413,-1.1568882825362867,0.24731800661453618,-0.21977690322604138,0.056626838784381905,-0.28071578341776093,0.2889422790405016,137,0.49234334726669127,False,Cont,0.6945923165829467,False
offset,7Networks_LH_Cont_Par_1,NCBP_trans_vs_HC,Transitioners − HC,NCBP_trans,HC,-0.0001871675390514027,0.06702071278211616,-0.0027926820124978824,0.9977717650353576,-0.13154535081020233,0.13117101573209952,-0.0006440804364374232,0.2889422790405016,137,0.9985470871421656,False,Cont,0.6945923165829467,False
offset,7Networks_LH_Cont_Par_1,NCBP_nontrans_vs_HC,Non-transitioners − HC,NCBP_nontrans,HC,0.08138786468177833,0.058350955150998265,1.3947991848833678,0.16307640478765972,-0.032977905877690214,0.1957536352412469,0.28007170298132356,0.2889422790405016,137,0.8336174916763845,False,Cont,0.6945923165829467,False
offset,7Networks_LH_Cont_pCun_1,NCBP_trans_vs_NCBP_nontrans,Transitioners − Non-transitioners,NCBP_trans,NCBP_nontrans,-0.14409925383888028,0.07441957621075959,-1.9363084443102,0.05282993518858637,-0.2899589429567029,0.0017604352789423183,-0.4498025686618277,0.31853743056074946,137,0.4904337468128581,False,Cont,0.6945923165829467,False
offset,7Networks_LH_Cont_pCun_1,NCBP_trans_vs_HC,Transitioners − HC,NCBP_trans,HC,-0.07557866746418976,0.07075730459233015,-1.068139436622664,0.2854576189533726,-0.21426043610828743,0.06310310117990792,-0.2359171047439396,0.31853743056074946,137,0.9439711193443103,False,Cont,0.6945923165829467,False
offset,7Networks_LH_Cont_pCun_1,NCBP_nontrans_vs_HC,Non-transitioners − HC,NCBP_nontrans,HC,0.06852058637469052,0.06665988782166934,1.0279133165960161,0.3039906049127643,-0.06213039296926154,0.19917156571864258,0.21388546391788812,0.31853743056074946,137,0.8336174916763845,False,Cont,0.6945923165829467,False
offset,7Networks_LH_Default_PFC_1,NCBP_trans_vs_NCBP_nontrans,Transitioners − Non-transitioners,NCBP_trans,NCBP_nontrans,0.023104615092891995,0.13287567506696424,0.1738814503199939,0.8619586310464616,-0.23732692245980477,0.28353615264558873,0.043589358971546664,0.5270343568203982,137,0.897873574006731,False,Default,0.6945923165829467,False
offset,7Networks_LH_Default_PFC_1,NCBP_trans_vs_HC,Transitioners − HC,NCBP_trans,HC,0.05864510104134024,0.11645172881969569,0.5036000893738685,0.6145424297649988,-0.16959609338268836,0.2868862954653688,0.11064033531552044,0.5270343568203982,137,0.9439711193443103,False,Default,0.6945923165829467,False
offset,7Networks_LH_Default_PFC_1,NCBP_nontrans_vs_HC,Non-transitioners − HC,NCBP_nontrans,HC,0.03554048594844825,0.10876661866116519,0.3267591324059233,0.7438500717158043,-0.17763816934763768,0.24871914124453418,0.06705097634397378,0.5270343568203982,137,0.8649101110390134,False,Default,0.6945923165829467,False
offset,7Networks_LH_Default_PFC_2,NCBP_trans_vs_NCBP_nontrans,Transitioners − Non-transitioners,NCBP_trans,NCBP_nontrans,0.029977687195319458,0.12495734361702077,0.23990336484102498,0.8104051722594746,-0.21493420589783727,0.2748895802884762,0.05672436239446311,0.5254715075912002,137,0.8621331619781646,False,Default,0.6945923165829467,False
offset,7Networks_LH_Default_PFC_2,NCBP_trans_vs_HC,Transitioners − HC,NCBP_trans,HC,0.031533104907681825,0.11431031194914097,0.2758552957296762,0.782659210911123,-0.19251098957417306,0.2555771993895367,0.059667554022821465,0.5254715075912002,137,0.9799476356803187,False,Default,0.6945923165829467,False
offset,7Networks_LH_Default_PFC_2,NCBP_nontrans_vs_HC,Non-transitioners − HC,NCBP_nontrans,HC,0.001555417712362367,0.10768195340460235,0.014444553271782384,0.9884753147196996,-0.2094973327455785,0.21260816817030323,0.002943191628358355,0.5254715075912002,137,0.9942012156401121,False,Default,0.6945923165829467,False
offset,7Networks_LH_Default_PFC_3,NCBP_trans_vs_NCBP_nontrans,Transitioners − Non-transitioners,NCBP_trans,NCBP_nontrans,-0.09197958006264328,0.11116185033715745,-0.8274383683221022,0.4079886411162794,-0.30985280317830355,0.12589364305301698,-0.21373127838847117,0.42790169894486885,137,0.6172038157225891,False,Default,0.6945923165829467,False
offset,7Networks_LH_Default_PFC_3,NCBP_trans_vs_HC,Transitioners − HC,NCBP_trans,HC,-0.10473353797099252,0.10508569408968207,-0.9966488671770203,0.31893497728540077,-0.31069771367716303,0.10123063773517796,-0.24336741856662514,0.42790169894486885,137,0.9439711193443103,False,Default,0.6945923165829467,False
offset,7Networks_LH_Default_PFC_3,NCBP_nontrans_vs_HC,Non-transitioners − HC,NCBP_nontrans,HC,-0.01275395790834924,0.08070250536370294,-0.15803670345636517,0.8744278769432174,-0.17092796188335754,0.14542004606665906,-0.029636140178153993,0.42790169894486885,137,0.9108623718158515,False,Default,0.6945923165829467,False
offset,7Networks_LH_Default_PFC_4,NCBP_trans_vs_NCBP_nontrans,Transitioners − Non-transitioners,NCBP_trans,NCBP_nontrans,-0.013692525276415762,0.11123319436761975,-0.12309747422305163,0.9020299113479556,-0.23170558012229406,0.20432052956946253,-0.029697881980306123,0.4584360332919373,137,0.9299277436576863,False,Default,0.6945923165829467,False
offset,7Networks_LH_Default_PFC_4,NCBP_trans_vs_HC,Transitioners − HC,NCBP_trans,HC,-0.03824169942653488,0.09931618492234418,-0.3850500243886357,0.7002003533455916,-0.2328978449562494,0.15641444610317964,-0.08294287966382051,0.4584360332919373,137,0.9439711193443103,False,Default,0.6945923165829467,False
offset,7Networks_LH_Default_PFC_4,NCBP_nontrans_vs_HC,Non-transitioners − HC,NCBP_nontrans,HC,-0.02454917415011912,0.09387265589986513,-0.26151570885888176,0.7936948369902013,-0.2085361988469762,0.15943785054673795,-0.053244997683514386,0.4584360332919373,137,0.8721921285606608,False,Default,0.6945923165829467,False
offset,7Networks_LH_Default_PFC_5,NCBP_trans_vs_NCBP_nontrans,Transitioners − Non-transitioners,NCBP_trans,NCBP_nontrans,-0.045193857692318304,0.07426424673089181,-0.6085547175356852,0.5428196269264531,-0.19074910662386269,0.10036139123922609,-0.14470002746175895,0.3105499559566161,137,0.6959225986236578,False,Default,0.6945923165829467,False
offset,7Networks_LH_Default_PFC_5,NCBP_trans_vs_HC,Transitioners − HC,NCBP_trans,HC,-0.030003234706513116,0.06697842775185879,-0.4479537026110689,0.6541866098587197,-0.1612785408412744,0.10127207142824818,-0.09606325079684391,0.3105499559566161,137,0.9439711193443103,False,Default,0.6945923165829467,False
offset,7Networks_LH_Default_PFC_5,NCBP_nontrans_vs_HC,Non-transitioners − HC,NCBP_nontrans,HC,0.015190622985805188,0.06187852125804221,0.24549104724817417,0.8060762393901902,-0.10608905009655366,0.13647029606816402,0.048636776664915025,0.3105499559566161,137,0.8761698254241198,False,Default,0.6945923165829467,False
offset,7Networks_LH_Default_PFC_6,NCBP_trans_vs_NCBP_nontrans,Transitioners − Non-transitioners,NCBP_trans,NCBP_nontrans,-0.1328038701514322,0.08439068254196075,-1.5736792990790118,0.11556160996434604,-0.2982065685644284,0.03259882826156399,-0.3825762597224257,0.3451543778132341,137,0.4904337468128581,False,Default,0.6945923165829467,False
offset,7Networks_LH_Default_PFC_6,NCBP_trans_vs_HC,Transitioners − HC,NCBP_trans,HC,-0.08747303775078177,0.07575420862809418,-1.154695420029001,0.2482151757159775,-0.23594855833917977,0.06100248283761622,-0.25198894859836085,0.3451543778132341,137,0.9439711193443103,False,Default,0.6945923165829467,False
offset,7Networks_LH_Default_PFC_6,NCBP_nontrans_vs_HC,Non-transitioners − HC,NCBP_nontrans,HC,0.04533083240065042,0.07018438612718422,0.6458820102594389,0.5183557709780762,-0.09222803668568327,0.1828897014869841,0.13058731112406485,0.3451543778132341,137,0.8336174916763845,False,Default,0.6945923165829467,False
offset,7Networks_LH_Default_PFC_7,NCBP_trans_vs_NCBP_nontrans,Transitioners − Non-transitioners,NCBP_trans,NCBP_nontrans,-0.12215005244839955,0.07995252328477635,-1.5277823316885606,0.12656659043199608,-0.27885411855966125,0.03455401366286215,-0.3748019837231654,0.32405031558183234,137,0.4904337468128581,False,Default,0.6945923165829467,False
offset,7Networks_LH_Default_PFC_7,NCBP_trans_vs_HC,Transitioners − HC,NCBP_trans,HC,-0.07580287856364884,0.07241203543035882,-1.0468270655994902,0.29517934496173637,-0.2177278600543905,0.06612210292709281,-0.23259154366375429,0.32405031558183234,137,0.9439711193443103,False,Default,0.6945923165829467,False
offset,7Networks_LH_Default_PFC_7,NCBP_nontrans_vs_HC,Non-transitioners − HC,NCBP_nontrans,HC,0.04634717388475071,0.0647189593663337,0.7161297761666444,0.47391121931153335,-0.08049965559017455,0.17319400335967597,0.14221044005941116,0.32405031558183234,137,0.8336174916763845,False,Default,0.6945923165829467,False
offset,7Networks_LH_Default_Par_1,NCBP_trans_vs_NCBP_nontrans,Transitioners − Non-transitioners,NCBP_trans,NCBP_nontrans,-0.07955909356375979,0.08649303205481866,-0.9198324035320649,0.35766034730312635,-0.2490823213048728,0.08996413417735322,-0.22572088267842805,0.35046024346196675,137,0.5588442926611349,False,Default,0.6945923165829467,False
offset,7Networks_LH_Default_Par_1,NCBP_trans_vs_HC,Transitioners − HC,NCBP_trans,HC,0.07052624297636428,0.08448752696084914,0.8347533122734861,0.40385661784906046,-0.09506626700975684,0.2361187529624854,0.20009335329920927,0.35046024346196675,137,0.9439711193443103,False,Default,0.6945923165829467,False
offset,7Networks_LH_Default_Par_1,NCBP_nontrans_vs_HC,Non-transitioners − HC,NCBP_nontrans,HC,0.15008533654012407,0.06677202075199457,2.2477279382867983,0.024593543369059823,0.01921458069125362,0.28095609238899455,0.42581423597763735,0.35046024346196675,137,0.8336174916763845,False,Default,0.6945923165829467,False
offset,7Networks_LH_Default_Par_2,NCBP_trans_vs_NCBP_nontrans,Transitioners − Non-transitioners,NCBP_trans,NCBP_nontrans,-0.038725334155397556,0.06601854482624993,-0.586582667905152,0.5574840259014626,-0.16811930432659053,0.09066863601579542,-0.12947885782279106,0.29738358045743724,137,0.7056759821537502,False,Default,0.6945923165829467,False
offset,7Networks_LH_Default_Par_2,NCBP_trans_vs_HC,Transitioners − HC,NCBP_trans,HC,0.04456546133795286,0.06402263166593543,0.696089182501769,0.48637298058937084,-0.08091659092275419,0.1700475135986599,0.14900542908755313,0.29738358045743724,137,0.9439711193443103,False,Default,0.6945923165829467,False
offset,7Networks_LH_Default_Par_2,NCBP_nontrans_vs_HC,Non-transitioners − HC,NCBP_nontrans,HC,0.08329079549335042,0.06193210973495433,1.3448725685238734,0.1786663901940332,-0.03809390907374255,0.20467550006044338,0.27848428691034416,0.29738358045743724,137,0.8336174916763845,False,Default,0.6945923165829467,False
offset,7Networks_LH_Default_Temp_1,NCBP_trans_vs_NCBP_nontrans,Transitioners − Non-transitioners,NCBP_trans,NCBP_nontrans,0.010928358734455107,0.12311991068077942,0.08876191246426207,0.929271127619044,-0.23038223197966087,0.25223894944857106,0.023070389704510613,0.47099975782143955,137,0.938657704665701,False,Default,0.6945923165829467,False
offset,7Networks_LH_Default_Temp_1,NCBP_trans_vs_HC,Transitioners − HC,NCBP_trans,HC,-0.029046334622482323,0.107171492422284,-0.27102668784374195,0.7863705062523787,-0.23909859993956628,0.18100593069460164,-0.06131847201497439,0.47099975782143955,137,0.9799476356803187,False,Default,0.6945923165829467,False
offset,7Networks_LH_Default_Temp_1,NCBP_nontrans_vs_HC,Non-transitioners − HC,NCBP_nontrans,HC,-0.03997469335693743,0.09735529449809015,-0.41060625991657423,0.6813612727996732,-0.2307875642774846,0.15083817756360973,-0.08438886171948501,0.47099975782143955,137,0.8336174916763845,False,Default,0.6945923165829467,False
offset,7Networks_LH_Default_Temp_2,NCBP_trans_vs_NCBP_nontrans,Transitioners − Non-transitioners,NCBP_trans,NCBP_nontrans,-0.1055596213085638,0.10329388149628645,-1.0219348888768287,0.3068117182980544,-0.3080119088646336,0.09689266624750595,-0.267002702423098,0.39309981395635285,137,0.5461312642715965,False,Default,0.6945923165829467,False
offset,7Networks_LH_Default_Temp_2,NCBP_trans_vs_HC,Transitioners − HC,NCBP_trans,HC,-0.038361876389520544,0.09464933734790078,-0.4053052822600809,0.685253124200109,-0.2238711687519879,0.1471474159729468,-0.0970326014725088,0.39309981395635285,137,0.9439711193443103,False,Default,0.6945923165829467,False
offset,7Networks_LH_Default_Temp_2,NCBP_nontrans_vs_HC,Non-transitioners − HC,NCBP_nontrans,HC,0.06719774491904326,0.0786568844053997,0.8543148565700146,0.39293055766214535,-0.08696691565167036,0.22136240548975689,0.16997010095058915,0.39309981395635285,137,0.8336174916763845,False,Default,0.6945923165829467,False
offset,7Networks_LH_Default_pCunPCC_1,NCBP_trans_vs_NCBP_nontrans,Transitioners − Non-transitioners,NCBP_trans,NCBP_nontrans,-0.10547787722302918,0.0902484541550787,-1.1687499604345681,0.24250438653612216,-0.2823615970273976,0.07140584258133928,-0.2862236820222941,0.36641773719831455,137,0.49234334726669127,False,Default,0.6945923165829467,False
offset,7Networks_LH_Default_pCunPCC_1,NCBP_trans_vs_HC,Transitioners − HC,NCBP_trans,HC,-0.037767906292261344,0.0877167201155821,-0.43056678638343443,0.6667833956185689,-0.20968951856078233,0.13415370597625964,-0.1024866017960004,0.36641773719831455,137,0.9439711193443103,False,Default,0.6945923165829467,False
offset,7Networks_LH_Default_pCunPCC_1,NCBP_nontrans_vs_HC,Non-transitioners − HC,NCBP_nontrans,HC,0.06770997093076783,0.0714684209360416,0.9474110389449171,0.3434293682197892,-0.07236556013582207,0.20778550199735774,0.1837370802262937,0.36641773719831455,137,0.8336174916763845,False,Default,0.6945923165829467,False
offset,7Networks_LH_Default_pCunPCC_2,NCBP_trans_vs_NCBP_nontrans,Transitioners − Non-transitioners,NCBP_trans,NCBP_nontrans,-0.1545786097363964,0.08513332860696675,-1.8157237860396156,0.06941275343081922,-0.32143686769006474,0.012279648217271927,-0.4659088694608696,0.3298899541859512,137,0.4904337468128581,False,Default,0.6945923165829467,False
offset,7Networks_LH_Default_pCunPCC_2,NCBP_trans_vs_HC,Transitioners − HC,NCBP_trans,HC,-0.07552627682689886,0.0806805775312973,-0.9361147272105358,0.3492141211981761,-0.23365730304013307,0.08260474938633536,-0.2276405662530928,0.3298899541859512,137,0.9439711193443103,False,Default,0.6945923165829467,False
offset,7Networks_LH_Default_pCunPCC_2,NCBP_nontrans_vs_HC,Non-transitioners − HC,NCBP_nontrans,HC,0.07905233290949754,0.0659112651648673,1.1993751403763802,0.23038210948464766,-0.05013137298911183,0.2082360388081069,0.2382683032077768,0.3298899541859512,137,0.8336174916763845,False,Default,0.6945923165829467,False
offset,7Networks_LH_DorsAttn_FEF_1,NCBP_trans_vs_NCBP_nontrans,Transitioners − Non-transitioners,NCBP_trans,NCBP_nontrans,-0.13326082883908014,0.08121576708003059,-1.6408246037713832,0.10083382942533896,-0.2924408072927338,0.02591914961457356,-0.4154552970950058,0.3189325764333767,137,0.4904337468128581,False,DorsAttn,0.6945923165829467,False
offset,7Networks_LH_DorsAttn_FEF_1,NCBP_trans_vs_HC,Transitioners − HC,NCBP_trans,HC,-0.0869822100955665,0.06807564266589737,-1.2777288129685247,0.20134506220535275,-0.22040801794514361,0.04644359775401061,-0.2711766109519812,0.3189325764333767,137,0.9439711193443103,False,DorsAttn,0.6945923165829467,False
offset,7Networks_LH_DorsAttn_FEF_1,NCBP_nontrans_vs_HC,Non-transitioners − HC,NCBP_nontrans,HC,0.04627861874351363,0.0689332009729776,0.6713545590557334,0.5019946856164719,-0.08882797250258387,0.18138520998961113,0.14427868614302458,0.3189325764333767,137,0.8336174916763845,False,DorsAttn,0.6945923165829467,False
offset,7Networks_LH_DorsAttn_Post_1,NCBP_trans_vs_NCBP_nontrans,Transitioners − Non-transitioners,NCBP_trans,NCBP_nontrans,-0.14348062874671924,0.09071374420427226,-1.5816856641219077,0.11372134700543235,-0.321276300289872,0.034315042796433465,-0.36274262596688944,0.39329221536536385,137,0.4904337468128581,False,DorsAttn,0.6945923165829467,False
offset,7Networks_LH_DorsAttn_Post_1,NCBP_trans_vs_HC,Transitioners − HC,NCBP_trans,HC,-0.084824682133405,0.09674968063064553,-0.8767437947132274,0.38062581354305025,-0.2744505716852227,0.1048012074184127,-0.21445074650595702,0.39329221536536385,137,0.9439711193443103,False,DorsAttn,0.6945923165829467,False
offset,7Networks_LH_DorsAttn_Post_1,NCBP_nontrans_vs_HC,Non-transitioners − HC,NCBP_nontrans,HC,0.05865594661331425,0.07092240578874506,0.8270439498066573,0.4082121513597673,-0.08034941442956112,0.1976613076561896,0.14829187946093242,0.39329221536536385,137,0.8336174916763845,False,DorsAttn,0.6945923165829467,False
offset,7Networks_LH_DorsAttn_Post_2,NCBP_trans_vs_NCBP_nontrans,Transitioners − Non-transitioners,NCBP_trans,NCBP_nontrans,-0.1473576580401155,0.08196476382137201,-1.7978171493454913,0.07220598878082697,-0.30800564313133627,0.01329032705110525,-0.4472746804824125,0.3275812745175968,137,0.4904337468128581,False,DorsAttn,0.6945923165829467,False
offset,7Networks_LH_DorsAttn_Post_2,NCBP_trans_vs_HC,Transitioners − HC,NCBP_trans,HC,-0.08577429010801832,0.07456528004800747,-1.1503247899396896,0.25001012419944235,-0.23191955349925603,0.06037097328321939,-0.26035069172465775,0.3275812745175968,137,0.9439711193443103,False,DorsAttn,0.6945923165829467,False
offset,7Networks_LH_DorsAttn_Post_2,NCBP_nontrans_vs_HC,Non-transitioners − HC,NCBP_nontrans,HC,0.06158336793209718,0.06668540751235705,0.9234909139707297,0.3557514332202212,-0.0691176290864994,0.19228436495069376,0.1869239887577547,0.3275812745175968,137,0.8336174916763845,False,DorsAttn,0.6945923165829467,False
offset,7Networks_LH_DorsAttn_Post_3,NCBP_trans_vs_NCBP_nontrans,Transitioners − Non-transitioners,NCBP_trans,NCBP_nontrans,-0.09977208109705868,0.06861911630733648,-1.4539983384541406,0.14594676685144475,-0.2342630777104033,0.03471891551628595,-0.33440027601916344,0.29666278917899175,137,0.4904337468128581,False,DorsAttn,0.6945923165829467,False
offset,7Networks_LH_DorsAttn_Post_3,NCBP_trans_vs_HC,Transitioners − HC,NCBP_trans,HC,-0.031210724776925575,0.06438235055518991,-0.48477143980897497,0.6278384840544304,-0.15739781310513015,0.094976363551279,-0.10460716931431972,0.29666278917899175,137,0.9439711193443103,False,DorsAttn,0.6945923165829467,False
offset,7Networks_LH_DorsAttn_Post_3,NCBP_nontrans_vs_HC,Non-transitioners − HC,NCBP_nontrans,HC,0.0685613563201331,0.061638726844535495,1.1123097414561756,0.2660049968708026,-0.052248328348058676,0.18937104098832488,0.22979310670484368,0.29666278917899175,137,0.8336174916763845,False,DorsAttn,0.6945923165829467,False
offset,7Networks_LH_DorsAttn_Post_4,NCBP_trans_vs_NCBP_nontrans,Transitioners − Non-transitioners,NCBP_trans,NCBP_nontrans,-0.12608049954996275,0.07006496787731119,-1.79947987374716,0.07194280477942576,-0.2634053131674485,0.011244314067522965,-0.4169607912197608,0.3006584225325879,137,0.4904337468128581,False,DorsAttn,0.6945923165829467,False
offset,7Networks_LH_DorsAttn_Post_4,NCBP_trans_vs_HC,Transitioners − HC,NCBP_trans,HC,-0.04446302685565359,0.06494901882806635,-0.6845835034607148,0.49360677975127554,-0.17176076458987752,0.08283471087857033,-0.1470436659430596,0.3006584225325879,137,0.9439711193443103,False,DorsAttn,0.6945923165829467,False
offset,7Networks_LH_DorsAttn_Post_4,NCBP_nontrans_vs_HC,Non-transitioners − HC,NCBP_nontrans,HC,0.08161747269430916,0.06250977438199089,1.3056753683920383,0.19166297783347008,-0.04089943377611749,0.2041343791647358,0.26991712527670125,0.3006584225325879,137,0.8336174916763845,False,DorsAttn,0.6945923165829467,False
offset,7Networks_LH_DorsAttn_Post_5,NCBP_trans_vs_NCBP_nontrans,Transitioners − Non-transitioners,NCBP_trans,NCBP_nontrans,-0.17084182272080015,0.06729801160164703,-2.5385864850220776,0.011130128974362444,-0.302743501691187,-0.03894014375041324,-0.6128995833848084,0.27715680224074,137,0.4904337468128581,False,DorsAttn,0.6945923165829467,False
offset,7Networks_LH_DorsAttn_Post_5,NCBP_trans_vs_HC,Transitioners − HC,NCBP_trans,HC,-0.06964791947005028,0.06397925301227964,-1.0886016355439887,0.27632959523373,-0.19504495113189413,0.05574911219179357,-0.24986376372590235,0.27715680224074,137,0.9439711193443103,False,DorsAttn,0.6945923165829467,False
offset,7Networks_LH_DorsAttn_Post_5,NCBP_nontrans_vs_HC,Non-transitioners − HC,NCBP_nontrans,HC,0.10119390325074987,0.05643804945019067,1.793008515293542,0.07297156249985519,-0.009422641029314435,0.21181044753081418,0.36303581965890613,0.27715680224074,137,0.8336174916763845,False,DorsAttn,0.6945923165829467,False
offset,7Networks_LH_DorsAttn_Post_6,NCBP_trans_vs_NCBP_nontrans,Transitioners − Non-transitioners,NCBP_trans,NCBP_nontrans,-0.09375856285191114,0.06858445236280035,-1.3670527302010658,0.17160877816196185,-0.22818161938240283,0.04066449367858055,-0.32805755203829046,0.28417218964592306,137,0.4904337468128581,False,DorsAttn,0.6945923165829467,False
offset,7Networks_LH_DorsAttn_Post_6,NCBP_trans_vs_HC,Transitioners − HC,NCBP_trans,HC,0.038894641328019786,0.06479481459503057,0.6002739813534832,0.5483236558544398,-0.0881008616631904,0.16589014431922997,0.1360908319555946,0.28417218964592306,137,0.9439711193443103,False,DorsAttn,0.6945923165829467,False
offset,7Networks_LH_DorsAttn_Post_6,NCBP_nontrans_vs_HC,Non-transitioners − HC,NCBP_nontrans,HC,0.13265320417993093,0.058255731441292334,2.2770841752045157,0.022781199497808626,0.018474068661960302,0.24683233969790155,0.4641483839938851,0.28417218964592306,137,0.8336174916763845,False,DorsAttn,0.6945923165829467,False
offset,7Networks_LH_DorsAttn_PrCv_1,NCBP_trans_vs_NCBP_nontrans,Transitioners − Non-transitioners,NCBP_trans,NCBP_nontrans,-0.144429642123127,0.09720222741533256,-1.4858676180947767,0.13731414032070693,-0.33494250707425066,0.04608322282799668,-0.3779621648248169,0.3799519511794257,137,0.4904337468128581,False,DorsAttn,0.6945923165829467,False
offset,7Networks_LH_DorsAttn_PrCv_1,NCBP_trans_vs_HC,Transitioners − HC,NCBP_trans,HC,-0.08080500059312512,0.08800913809548722,-0.9181433012723539,0.3585438477097026,-0.2532997415706921,0.09168974038444186,-0.21146097507332762,0.3799519511794257,137,0.9439711193443103,False,DorsAttn,0.6945923165829467,False
offset,7Networks_LH_DorsAttn_PrCv_1,NCBP_nontrans_vs_HC,Non-transitioners − HC,NCBP_nontrans,HC,0.06362464153000189,0.07732269464110096,0.8228456318719929,0.41059578344849035,-0.08792505515414423,0.215174338214148,0.16650118975148934,0.3799519511794257,137,0.8336174916763845,False,DorsAttn,0.6945923165829467,False
offset,7Networks_LH_Limbic_OFC_1,NCBP_trans_vs_NCBP_nontrans,Transitioners − Non-transitioners,NCBP_trans,NCBP_nontrans,0.05778064295218381,0.13165713334406534,0.4388721027457216,0.6607542117644647,-0.2002625967099717,0.31582388261433936,0.10998775133502968,0.52234653576143,137,0.786612156862458,False,Limbic,0.6945923165829467,False
offset,7Networks_LH_Limbic_OFC_1,NCBP_trans_vs_HC,Transitioners − HC,NCBP_trans,HC,0.07484201758474632,0.12172050837008803,0.6148677703283255,0.5386420489504105,-0.16372579500053241,0.31340983017002505,0.1424647563429697,0.52234653576143,137,0.9439711193443103,False,Limbic,0.6945923165829467,False
offset,7Networks_LH_Limbic_OFC_1,NCBP_nontrans_vs_HC,Non-transitioners − HC,NCBP_nontrans,HC,0.017061374632562507,0.10397687225303238,0.16408816944447882,0.8696617349954425,-0.18672955020850301,0.22085229947362806,0.03247700500794003,0.52234653576143,137,0.9108623718158515,False,Limbic,0.6945923165829467,False
offset,7Networks_LH_Limbic_TempPole_1,NCBP_trans_vs_NCBP_nontrans,Transitioners − Non-transitioners,NCBP_trans,NCBP_nontrans,0.09842603620557633,0.1399093596464704,0.7034985826129425,0.4817450897575256,-0.17579126980156723,0.3726433422127199,0.1827738418307534,0.5354471690749293,137,0.6445872141914166,False,Limbic,0.6945923165829467,False
offset,7Networks_LH_Limbic_TempPole_1,NCBP_trans_vs_HC,Transitioners − HC,NCBP_trans,HC,-0.03183493958662423,0.11880497955773613,-0.267959640287243,0.7887303853596986,-0.2646884207038044,0.20101854153055593,-0.059116413065180354,0.5354471690749293,137,0.9799476356803187,False,Limbic,0.6945923165829467,False
offset,7Networks_LH_Limbic_TempPole_1,NCBP_nontrans_vs_HC,Non-transitioners − HC,NCBP_nontrans,HC,-0.13026097579220056,0.11355491709115377,-1.1471187609395757,0.2513325410703693,-0.35282452355829375,0.09230257197389266,-0.24189025489593372,0.5354471690749293,137,0.8336174916763845,False,Limbic,0.6945923165829467,False
offset,7Networks_LH_Limbic_TempPole_2,NCBP_trans_vs_NCBP_nontrans,Transitioners − Non-transitioners,NCBP_trans,NCBP_nontrans,-0.03419315384267263,0.11207444363885315,-0.3050932285049399,0.7602951483738434,-0.253855026962189,0.1854687192768437,-0.07821468949562631,0.4346818497564389,137,0.8477435162798413,False,Limbic,0.6945923165829467,False
offset,7Networks_LH_Limbic_TempPole_2,NCBP_trans_vs_HC,Transitioners − HC,NCBP_trans,HC,-0.07170275046087396,0.0997909290902104,-0.718529741275934,0.47243071654244395,-0.26728937746147674,0.1238838765397288,-0.1640155333165161,0.4346818497564389,137,0.9439711193443103,False,Limbic,0.6945923165829467,False
offset,7Networks_LH_Limbic_TempPole_2,NCBP_nontrans_vs_HC,Non-transitioners − HC,NCBP_nontrans,HC,-0.03750959661820133,0.09202519294153196,-0.4076013906543286,0.6835663431746353,-0.21787566045395357,0.1428564672175509,-0.08580084382088979,0.4346818497564389,137,0.8336174916763845,False,Limbic,0.6945923165829467,False
offset,7Networks_LH_SalVentAttn_FrOperIns_1,NCBP_trans_vs_NCBP_nontrans,Transitioners − Non-transitioners,NCBP_trans,NCBP_nontrans,-0.03562986020189954,0.1266190944008936,-0.2813940533257208,0.7784081786913642,-0.28379872498272823,0.21253900457892916,-0.075016320126425,0.4722576849081746,137,0.8477435162798413,False,SalVentAttn,0.6945923165829467,False
offset,7Networks_LH_SalVentAttn_FrOperIns_1,NCBP_trans_vs_HC,Transitioners − HC,NCBP_trans,HC,0.000885810347899918,0.10959443459984948,0.008082621632514308,0.993551071205449,-0.21391533437383542,0.21568695506963526,0.0018650152499284148,0.4722576849081746,137,0.9985470871421656,False,SalVentAttn,0.6945923165829467,False
offset,7Networks_LH_SalVentAttn_FrOperIns_1,NCBP_nontrans_vs_HC,Non-transitioners − HC,NCBP_nontrans,HC,0.036515670549799456,0.09674322869160502,0.37744936822610026,0.7058396847063286,-0.1530975734338684,0.2261289145334673,0.07688133537635342,0.4722576849081746,137,0.8402853389361056,False,SalVentAttn,0.6945923165829467,False
offset,7Networks_LH_SalVentAttn_FrOperIns_2,NCBP_trans_vs_NCBP_nontrans,Transitioners − Non-transitioners,NCBP_trans,NCBP_nontrans,-0.08983116505616559,0.1209477452249655,-0.7427270751437128,0.45764693415851,-0.32688438970842426,0.14722205959609308,-0.19085437082911913,0.4679997204781366,137,0.6358636261047593,False,SalVentAttn,0.6945923165829467,False
offset,7Networks_LH_SalVentAttn_FrOperIns_2,NCBP_trans_vs_HC,Transitioners − HC,NCBP_trans,HC,-0.048114019252491036,0.11001993103079788,-0.43732093632218766,0.6618786139067991,-0.2637491216544356,0.16752108314945352,-0.10222255123545278,0.4679997204781366,137,0.9439711193443103,False,SalVentAttn,0.6945923165829467,False
offset,7Networks_LH_SalVentAttn_FrOperIns_2,NCBP_nontrans_vs_HC,Non-transitioners − HC,NCBP_nontrans,HC,0.041717145803674555,0.09300011493866939,0.44857090586593024,0.6537412255689408,-0.1405597300342029,0.22399402164155202,0.08863181959366635,0.4679997204781366,137,0.8336174916763845,False,SalVentAttn,0.6945923165829467,False
offset,7Networks_LH_SalVentAttn_Med_1,NCBP_trans_vs_NCBP_nontrans,Transitioners − Non-transitioners,NCBP_trans,NCBP_nontrans,-0.06874811960497446,0.08797420882899967,-0.7814576626497882,0.43453336815128574,-0.24117440047821945,0.10367816126827054,-0.20282439793267223,0.33702436581664424,137,0.6358636261047593,False,SalVentAttn,0.6945923165829467,False
offset,7Networks_LH_SalVentAttn_Med_1,NCBP_trans_vs_HC,Transitioners − HC,NCBP_trans,HC,-0.033965996589214814,0.08278564907614427,-0.4102884614454577,0.6815943553232189,-0.19622288721522918,0.12829089403679955,-0.10020830893958314,0.33702436581664424,137,0.9439711193443103,False,SalVentAttn,0.6945923165829467,False
offset,7Networks_LH_SalVentAttn_Med_1,NCBP_nontrans_vs_HC,Non-transitioners − HC,NCBP_nontrans,HC,0.03478212301575964,0.06592065161266679,0.5276362136122481,0.5977518531830497,-0.0944199799824795,0.16398422601399879,0.10261608899308906,0.33702436581664424,137,0.8336174916763845,False,SalVentAttn,0.6945923165829467,False
offset,7Networks_LH_SalVentAttn_Med_2,NCBP_trans_vs_NCBP_nontrans,Transitioners − Non-transitioners,NCBP_trans,NCBP_nontrans,-0.11941154799254086,0.0788520723160459,-1.5143742514962586,0.12993094597695348,-0.27395876983833867,0.035135673853256943,-0.3724575012135052,0.3187794190556386,137,0.4904337468128581,False,SalVentAttn,0.6945923165829467,False
offset,7Networks_LH_SalVentAttn_Med_2,NCBP_trans_vs_HC,Transitioners − HC,NCBP_trans,HC,-0.07085095044227632,0.07263974345811995,-0.9753744585169832,0.3293745484207886,-0.21322223146642041,0.07152033058186777,-0.22099175836813148,0.3187794190556386,137,0.9439711193443103,False,SalVentAttn,0.6945923165829467,False
offset,7Networks_LH_SalVentAttn_Med_2,NCBP_nontrans_vs_HC,Non-transitioners − HC,NCBP_nontrans,HC,0.04856059755026454,0.06517054018581957,0.7451311192419857,0.4561924582299206,-0.0791713140669621,0.17629250916749117,0.15146574284537367,0.3187794190556386,137,0.8336174916763845,False,SalVentAttn,0.6945923165829467,False
offset,7Networks_LH_SalVentAttn_Med_3,NCBP_trans_vs_NCBP_nontrans,Transitioners − Non-transitioners,NCBP_trans,NCBP_nontrans,-0.1257309059868985,0.07871816992622407,-1.5972285192190765,0.11021477774108787,-0.2800156839712017,0.028553871997404667,-0.3803533395867451,0.3286816685112388,137,0.4904337468128581,False,SalVentAttn,0.6945923165829467,False
offset,7Networks_LH_SalVentAttn_Med_3,NCBP_trans_vs_HC,Transitioners − HC,NCBP_trans,HC,-0.14411951209254298,0.06877760494488845,-2.09544243664818,0.03613168047370768,-0.2789211407274483,-0.009317883457637677,-0.43598141040774036,0.3286816685112388,137,0.9439711193443103,False,SalVentAttn,0.6945923165829467,False
offset,7Networks_LH_SalVentAttn_Med_3,NCBP_nontrans_vs_HC,Non-transitioners − HC,NCBP_nontrans,HC,-0.018388606105644467,0.06967542970876099,-0.26391808679914436,0.791843038368842,-0.15494993894216813,0.1181727267308792,-0.05562807082099524,0.3286816685112388,137,0.8721921285606608,False,SalVentAttn,0.6945923165829467,False
offset,7Networks_LH_SalVentAttn_PFCl_1,NCBP_trans_vs_NCBP_nontrans,Transitioners − Non-transitioners,NCBP_trans,NCBP_nontrans,-0.06793951357483496,0.09694843952352132,-0.700779856888276,0.48344041064356247,-0.25795496339829627,0.12207593624862634,-0.17736373838216155,0.38087131981898115,137,0.6445872141914166,False,SalVentAttn,0.6945923165829467,False
offset,7Networks_LH_SalVentAttn_PFCl_1,NCBP_trans_vs_HC,Transitioners − HC,NCBP_trans,HC,-0.008660239999018243,0.09215715023130716,-0.09397252386040286,0.9251309829119128,-0.1892849353702274,0.1719644553721909,-0.022608530157059402,0.38087131981898115,137,0.9982436205495575,False,SalVentAttn,0.6945923165829467,False
offset,7Networks_LH_SalVentAttn_PFCl_1,NCBP_nontrans_vs_HC,Non-transitioners − HC,NCBP_nontrans,HC,0.05927927357581672,0.07235007385996851,0.819339503240177,0.41259274031110293,-0.08252426546853436,0.2010828126201678,0.15475520822510216,0.38087131981898115,137,0.8336174916763845,False,SalVentAttn,0.6945923165829467,False
offset,7Networks_LH_SalVentAttn_ParOper_1,NCBP_trans_vs_NCBP_nontrans,Transitioners − Non-transitioners,NCBP_trans,NCBP_nontrans,-0.1130242680809643,0.08758194781411904,-1.290497310254428,0.19687804512548768,-0.28468173149250414,0.05863319533057554,-0.33448478908903445,0.3359819933260585,137,0.49234334726669127,False,SalVentAttn,0.6945923165829467,False
offset,7Networks_LH_SalVentAttn_ParOper_1,NCBP_trans_vs_HC,Transitioners − HC,NCBP_trans,HC,-0.04491143244277351,0.0793085202396296,-0.5662876108023985,0.5711982810941851,-0.20035327577961348,0.11053041089406646,-0.13291119919083622,0.3359819933260585,137,0.9439711193443103,False,SalVentAttn,0.6945923165829467,False
offset,7Networks_LH_SalVentAttn_ParOper_1,NCBP_nontrans_vs_HC,Non-transitioners − HC,NCBP_nontrans,HC,0.06811283563819079,0.06909615549277551,0.9857688195881241,0.32424656975708777,-0.06731314059782864,0.20353881187421022,0.20157358989819824,0.3359819933260585,137,0.8336174916763845,False,SalVentAttn,0.6945923165829467,False
offset,7Networks_LH_SomMot_1,NCBP_trans_vs_NCBP_nontrans,Transitioners − Non-transitioners,NCBP_trans,NCBP_nontrans,-0.1434602837322688,0.10679287325688011,-1.3433507251667318,0.17915843426107325,-0.3527704691213045,0.06584990165676693,-0.3570917438058257,0.39945931052694217,137,0.4904337468128581,False,SomMot,0.6945923165829467,False
offset,7Networks_LH_SomMot_1,NCBP_trans_vs_HC,Transitioners − HC,NCBP_trans,HC,-0.04218115277160714,0.09798028361851152,-0.4305065388036681,0.6668272112282816,-0.23421897985890958,0.1498566743156953,-0.10499450445158352,0.39945931052694217,137,0.9439711193443103,False,SomMot,0.6945923165829467,False
offset,7Networks_LH_SomMot_1,NCBP_nontrans_vs_HC,Non-transitioners − HC,NCBP_nontrans,HC,0.10127913096066166,0.07780441120871008,1.301714509335219,0.19301399773949068,-0.051214712846754606,0.2537729747680779,0.25209723935424216,0.39945931052694217,137,0.8336174916763845,False,SomMot,0.6945923165829467,False
offset,7Networks_LH_SomMot_2,NCBP_trans_vs_NCBP_nontrans,Transitioners − Non-transitioners,NCBP_trans,NCBP_nontrans,-0.12236475578281122,0.0995828100112836,-1.228773879437086,0.21915659752880812,-0.3175434768842218,0.07281396531859938,-0.3184798595469957,0.38202786949711826,137,0.49234334726669127,False,SomMot,0.6945923165829467,False
offset,7Networks_LH_SomMot_2,NCBP_trans_vs_HC,Transitioners − HC,NCBP_trans,HC,-0.06986893253100951,0.08898168980493305,-0.7852057281017836,0.43233295755835643,-0.2442698398321932,0.10453197477017417,-0.18184850430846183,0.38202786949711826,137,0.9439711193443103,False,SomMot,0.6945923165829467,False
offset,7Networks_LH_SomMot_2,NCBP_nontrans_vs_HC,Non-transitioners − HC,NCBP_nontrans,HC,0.052495823251801715,0.07724238236400686,0.6796246004481542,0.49674218891422706,-0.09889646426172358,0.203888110765327,0.13663135523853387,0.38202786949711826,137,0.8336174916763845,False,SomMot,0.6945923165829467,False
offset,7Networks_LH_SomMot_3,NCBP_trans_vs_NCBP_nontrans,Transitioners − Non-transitioners,NCBP_trans,NCBP_nontrans,-0.18238417123679815,0.10708654250646166,-1.7031474447481858,0.08854047899076187,-0.3922699377783806,0.0275015953047843,-0.44236146425304723,0.40994965842932224,137,0.4904337468128581,False,SomMot,0.6945923165829467,False
offset,7Networks_LH_SomMot_3,NCBP_trans_vs_HC,Transitioners − HC,NCBP_trans,HC,-0.06577088736450329,0.09749848963902748,-0.6745836536341173,0.4999403212646365,-0.25686441560404877,0.1253226408750422,-0.15952319679106977,0.40994965842932224,137,0.9439711193443103,False,SomMot,0.6945923165829467,False
offset,7Networks_LH_SomMot_3,NCBP_nontrans_vs_HC,Non-transitioners − HC,NCBP_nontrans,HC,0.11661328387229486,0.08058989794958034,1.4469962965488792,0.14789796081806145,-0.04134001362664094,0.2745665813712307,0.2828382674619775,0.40994965842932224,137,0.8336174916763845,False,SomMot,0.6945923165829467,False
offset,7Networks_LH_SomMot_4,NCBP_trans_vs_NCBP_nontrans,Transitioners − Non-transitioners,NCBP_trans,NCBP_nontrans,-0.1770621529364428,0.09020871118923797,-1.9628054829982604,0.04966878047059629,-0.3538679779591246,-0.00025632791376101194,-0.49608178520687535,0.3548894844393756,137,0.4904337468128581,False,SomMot,0.6945923165829467,False
offset,7Networks_LH_SomMot_4,NCBP_trans_vs_HC,Transitioners − HC,NCBP_trans,HC,-0.10436064549613996,0.08306882779381614,-1.2563153744647984,0.20900164988421732,-0.26717255620997943,0.0584512652176995,-0.2923911997255028,0.3548894844393756,137,0.9439711193443103,False,SomMot,0.6945923165829467,False
offset,7Networks_LH_SomMot_4,NCBP_nontrans_vs_HC,Non-transitioners − HC,NCBP_nontrans,HC,0.07270150744030285,0.07058888503098307,1.0299285419849387,0.3030435511705023,-0.06565016492926251,0.2110531798098682,0.20369058548137256,0.3548894844393756,137,0.8336174916763845,False,SomMot,0.6945923165829467,False
offset,7Networks_LH_SomMot_5,NCBP_trans_vs_NCBP_nontrans,Transitioners − Non-transitioners,NCBP_trans,NCBP_nontrans,-0.13219197977159197,0.07138111441536675,-1.8519181278449472,0.06403758040933397,-0.2720963932020437,0.007712433658859735,-0.4366991966028768,0.3009839834380086,137,0.4904337468128581,False,SomMot,0.6945923165829467,False
offset,7Networks_LH_SomMot_5,NCBP_trans_vs_HC,Transitioners − HC,NCBP_trans,HC,-0.0502134343245737,0.06410092166844655,-0.7833496464262398,0.4334218166970396,-0.17584893217055209,0.07542206352140468,-0.16588121659196917,0.3009839834380086,137,0.9439711193443103,False,SomMot,0.6945923165829467,False
offset,7Networks_LH_SomMot_5,NCBP_nontrans_vs_HC,Non-transitioners − HC,NCBP_nontrans,HC,0.08197854544701827,0.06392643258926445,1.2823888668047687,0.19970626770749167,-0.04331496008806765,0.2072720509821042,0.2708179800109076,0.3009839834380086,137,0.8336174916763845,False,SomMot,0.6945923165829467,False
offset,7Networks_LH_SomMot_6,NCBP_trans_vs_NCBP_nontrans,Transitioners − Non-transitioners,NCBP_trans,NCBP_nontrans,-0.1323978670963668,0.06418241098120281,-2.0628372333214835,0.039128095195643794,-0.2581930810604724,-0.006602653132261216,-0.43516254166980023,0.3025172583633612,137,0.4904337468128581,False,SomMot,0.6945923165829467,False
offset,7Networks_LH_SomMot_6,NCBP_trans_vs_HC,Transitioners − HC,NCBP_trans,HC,-0.07715319601955722,0.056928604630890896,-1.3552623767927723,0.1753339773854542,-0.1887312107862235,0.034424818747109065,-0.25358551171660204,0.3025172583633612,137,0.9439711193443103,False,SomMot,0.6945923165829467,False
offset,7Networks_LH_SomMot_6,NCBP_nontrans_vs_HC,Non-transitioners − HC,NCBP_nontrans,HC,0.05524467107680958,0.065833828567736,0.8391532480899041,0.40138331866163013,-0.0737872618803371,0.18427660403395626,0.18157702995319827,0.3025172583633612,137,0.8336174916763845,False,SomMot,0.6945923165829467,False
offset,7Networks_LH_Vis_1,NCBP_trans_vs_NCBP_nontrans,Transitioners − Non-transitioners,NCBP_trans,NCBP_nontrans,-0.1192380136077304,0.10497672345924701,-1.1358519267751748,0.25601854057867945,-0.32498861080287555,0.08651258358741473,-0.2795933930245286,0.4240416343683683,137,0.49234334726669127,False,Vis,0.6945923165829467,False
offset,7Networks_LH_Vis_1,NCBP_trans_vs_HC,Transitioners − HC,NCBP_trans,HC,-0.11985505983761924,0.098443695526321,-1.2174985832949907,0.2234145751264971,-0.3128011575742352,0.07309103789899676,-0.2810402642348725,0.4240416343683683,137,0.9439711193443103,False,Vis,0.6945923165829467,False
offset,7Networks_LH_Vis_1,NCBP_nontrans_vs_HC,Non-transitioners − HC,NCBP_nontrans,HC,-0.0006170462298888402,0.08490181655654558,-0.007267762397968014,0.9942012156401121,-0.16702154890274465,0.16578745644296697,-0.0014468712103438564,0.4240416343683683,137,0.9942012156401121,False,Vis,0.6945923165829467,False
offset,7Networks_LH_Vis_2,NCBP_trans_vs_NCBP_nontrans,Transitioners − Non-transitioners,NCBP_trans,NCBP_nontrans,-0.1303550153781045,0.09591075641182943,-1.3591282172603822,0.1741059627485464,-0.31833664367528425,0.057626612919075226,-0.32209412766676554,0.402407077104894,137,0.4904337468128581,False,Vis,0.6945923165829467,False
offset,7Networks_LH_Vis_2,NCBP_trans_vs_HC,Transitioners − HC,NCBP_trans,HC,-0.06405626523739383,0.08723626613090874,-0.7342848115629975,0.46277517278495317,-0.23503620499972627,0.10692367452493862,-0.15827658654624246,0.402407077104894,137,0.9439711193443103,False,Vis,0.6945923165829467,False
offset,7Networks_LH_Vis_2,NCBP_nontrans_vs_HC,Non-transitioners − HC,NCBP_nontrans,HC,0.06629875014071068,0.08467817752208696,0.7829496581148987,0.4336566749799723,-0.09966742807906892,0.23226492836049029,0.16381754112052313,0.402407077104894,137,0.8336174916763845,False,Vis,0.6945923165829467,False
offset,7Networks_LH_Vis_3,NCBP_trans_vs_NCBP_nontrans,Transitioners − Non-transitioners,NCBP_trans,NCBP_nontrans,-0.16881623082690703,0.09360010662390329,-1.8035901551397944,0.07129558055512604,-0.35226906875886643,0.01463660710505238,-0.43132324753598994,0.38916341415463046,137,0.4904337468128581,False,Vis,0.6945923165829467,False
offset,7Networks_LH_Vis_3,NCBP_trans_vs_HC,Transitioners − HC,NCBP_trans,HC,-0.07677837453793304,0.08726289719802371,-0.8798513114193495,0.37893986358212883,-0.24781051023268072,0.09425376115681464,-0.19616773626578063,0.38916341415463046,137,0.9439711193443103,False,Vis,0.6945923165829467,False
offset,7Networks_LH_Vis_3,NCBP_nontrans_vs_HC,Non-transitioners − HC,NCBP_nontrans,HC,0.09203785628897398,0.07963615182566372,1.1557295798327822,0.24779178505785604,-0.06404613315669058,0.24812184573463855,0.23515551127020934,0.38916341415463046,137,0.8336174916763845,False,Vis,0.6945923165829467,False
offset,7Networks_LH_Vis_4,NCBP_trans_vs_NCBP_nontrans,Transitioners − Non-transitioners,NCBP_trans,NCBP_nontrans,-0.15869467739596246,0.08543580357133491,-1.8574727545397265,0.06324392395346398,-0.3261457753860174,0.008756420594092484,-0.4214430543264279,0.37440714828681676,137,0.4904337468128581,False,Vis,0.6945923165829467,False
offset,7Networks_LH_Vis_4,NCBP_trans_vs_HC,Transitioners − HC,NCBP_trans,HC,-0.05936958579397347,0.07395652354155292,-0.8027633392017989,0.4221115355271664,-0.20432170835720584,0.0855825367692589,-0.15766691096183968,0.37440714828681676,137,0.9439711193443103,False,Vis,0.6945923165829467,False
offset,7Networks_LH_Vis_4,NCBP_nontrans_vs_HC,Non-transitioners − HC,NCBP_nontrans,HC,0.09932509160198899,0.0825920104171811,1.2025992720153837,0.22913142954017618,-0.06255227422644294,0.2612024574304209,0.26377614336458827,0.37440714828681676,137,0.8336174916763845,False,Vis,0.6945923165829467,False
offset,7Networks_LH_Vis_5,NCBP_trans_vs_NCBP_nontrans,Transitioners − Non-transitioners,NCBP_trans,NCBP_nontrans,-0.12955538032031888,0.09473379563762145,-1.3675729917536292,0.17144577524467952,-0.3152302078888346,0.05611944724819684,-0.32224178088741284,0.3997553422673079,137,0.4904337468128581,False,Vis,0.6945923165829467,False
offset,7Networks_LH_Vis_5,NCBP_trans_vs_HC,Transitioners − HC,NCBP_trans,HC,-0.06652217623184059,0.08012827186992658,-0.8301960678726109,0.40642793806500366,-0.2235707032403306,0.09052635077664942,-0.1654599329217721,0.3997553422673079,137,0.9439711193443103,False,Vis,0.6945923165829467,False
offset,7Networks_LH_Vis_5,NCBP_nontrans_vs_HC,Non-transitioners − HC,NCBP_nontrans,HC,0.06303320408847829,0.08840521883905758,0.7130032018045309,0.475843775867266,-0.11023784088145647,0.23630424905841305,0.1567818479656407,0.3997553422673079,137,0.8336174916763845,False,Vis,0.6945923165829467,False
offset,7Networks_LH_Vis_6,NCBP_trans_vs_NCBP_nontrans,Transitioners − Non-transitioners,NCBP_trans,NCBP_nontrans,-0.1351458284840793,0.09326828277326905,-1.4490009300655042,0.14733732284257553,-0.3179483036195842,0.047656646651425605,-0.35262986035032956,0.38106953636495683,137,0.4904337468128581,False,Vis,0.6945923165829467,False
offset,7Networks_LH_Vis_6,NCBP_trans_vs_HC,Transitioners − HC,NCBP_trans,HC,-0.06121896801584875,0.08444686481803641,-0.7249406848645187,0.46848841999403146,-0.22673178166652272,0.10429384563482522,-0.1597358674282954,0.38106953636495683,137,0.9439711193443103,False,Vis,0.6945923165829467,False
offset,7Networks_LH_Vis_6,NCBP_nontrans_vs_HC,Non-transitioners − HC,NCBP_nontrans,HC,0.07392686046823055,0.07957549597300224,0.9290153905331847,0.3528811103586398,-0.08203824569076595,0.22989196662722705,0.19289399292203419,0.38106953636495683,137,0.8336174916763845,False,Vis,0.6945923165829467,False
offset,7Networks_LH_Vis_7,NCBP_trans_vs_NCBP_nontrans,Transitioners − Non-transitioners,NCBP_trans,NCBP_nontrans,-0.06275285633069788,0.07674280761590954,-0.8177034210784933,0.4135265565341347,-0.21316599533036676,0.087660282668971,-0.1713535032624803,0.36413395849273583,137,0.6172038157225891,False,Vis,0.6945923165829467,False
offset,7Networks_LH_Vis_7,NCBP_trans_vs_HC,Transitioners − HC,NCBP_trans,HC,-0.03139500901706255,0.0750573107452088,-0.41828049400326556,0.6757420494867185,-0.178504634854103,0.11571461681997791,-0.08572748866889703,0.36413395849273583,137,0.9439711193443103,False,Vis,0.6945923165829467,False
offset,7Networks_LH_Vis_7,NCBP_nontrans_vs_HC,Non-transitioners − HC,NCBP_nontrans,HC,0.031357847313635334,0.07634165607249406,0.4107567077646038,0.6812509406338046,-0.11826904910859654,0.1809847437358672,0.08562601459358328,0.36413395849273583,137,0.8336174916763845,False,Vis,0.6945923165829467,False
offset,7Networks_LH_Vis_8,NCBP_trans_vs_NCBP_nontrans,Transitioners − Non-transitioners,NCBP_trans,NCBP_nontrans,-0.11080916436083024,0.08385678717757913,-1.3214096090537726,0.18636482378888608,-0.2751654470881255,0.05354711836646506,-0.31310296726050046,0.351891817308057,137,0.4904337468128581,False,Vis,0.6945923165829467,False
offset,7Networks_LH_Vis_8,NCBP_trans_vs_HC,Transitioners − HC,NCBP_trans,HC,-0.04980914874193909,0.07531122933846683,-0.6613774490134102,0.5083702842457497,-0.19741644587677035,0.09779814839289216,-0.14074099699043977,0.351891817308057,137,0.9439711193443103,False,Vis,0.6945923165829467,False
offset,7Networks_LH_Vis_8,NCBP_nontrans_vs_HC,Non-transitioners − HC,NCBP_nontrans,HC,0.06100001561889115,0.07614490141607226,0.8011044007473834,0.4230712087484555,-0.08824124876296344,0.21024128000074574,0.17236197027006073,0.351891817308057,137,0.8336174916763845,False,Vis,0.6945923165829467,False
offset,7Networks_LH_Vis_9,NCBP_trans_vs_NCBP_nontrans,Transitioners − Non-transitioners,NCBP_trans,NCBP_nontrans,-0.14770086842839625,0.08169874017107479,-1.8078720445274299,0.0706264176012285,-0.30782745674599854,0.012425719889206072,-0.42853645410485897,0.3427014554166701,137,0.4904337468128581,False,Vis,0.6945923165829467,False
offset,7Networks_LH_Vis_9,NCBP_trans_vs_HC,Transitioners − HC,NCBP_trans,HC,-0.0928484114202657,0.07325582102402674,-1.2674543827692943,0.20499286491311752,-0.2364271822852702,0.050730359444738804,-0.26938859210972743,0.3427014554166701,137,0.9439711193443103,False,Vis,0.6945923165829467,False
offset,7Networks_LH_Vis_9,NCBP_nontrans_vs_HC,Non-transitioners − HC,NCBP_nontrans,HC,0.054852457008130545,0.07440855209656434,0.737179470135977,0.4610132164195798,-0.0909856252429079,0.200690539259169,0.15914786199513153,0.3427014554166701,137,0.8336174916763845,False,Vis,0.6945923165829467,False
offset,7Networks_RH_Cont_Cing_1,NCBP_trans_vs_NCBP_nontrans,Transitioners − Non-transitioners,NCBP_trans,NCBP_nontrans,-0.11726180020954513,0.08304284789372095,-1.4120638102346628,0.15793117342994512,-0.28002279125487606,0.045499190835785824,-0.350590024167412,0.33256586808784494,137,0.4904337468128581,False,Cont,0.6945923165829467,False
offset,7Networks_RH_Cont_Cing_1,NCBP_trans_vs_HC,Transitioners − HC,NCBP_trans,HC,-0.05566783046595006,0.07373549811723852,-0.7549664935800515,0.4502690867638022,-0.20018675115785853,0.08885109022595841,-0.16643600894348345,0.33256586808784494,137,0.9439711193443103,False,Cont,0.6945923165829467,False
offset,7Networks_RH_Cont_Cing_1,NCBP_nontrans_vs_HC,Non-transitioners − HC,NCBP_nontrans,HC,0.06159396974359507,0.06927183836538528,0.8891632039373335,0.3739153750447165,-0.07417633859544004,0.19736427808263018,0.18415401522392852,0.33256586808784494,137,0.8336174916763845,False,Cont,0.6945923165829467,False
offset,7Networks_RH_Cont_PFCl_1,NCBP_trans_vs_NCBP_nontrans,Transitioners − Non-transitioners,NCBP_trans,NCBP_nontrans,-0.13136346796998022,0.11233465166067909,-1.169394002901082,0.2422449249476738,-0.3515353394407638,0.08880840350080338,-0.285999542744437,0.4566988712243605,137,0.49234334726669127,False,Cont,0.6945923165829467,False
offset,7Networks_RH_Cont_PFCl_1,NCBP_trans_vs_HC,Transitioners − HC,NCBP_trans,HC,-0.09336412136546718,0.1070318475985616,-0.8723022489123311,0.38304351110207024,-0.3031426878574278,0.11641444512649343,-0.20326881157980559,0.4566988712243605,137,0.9439711193443103,False,Cont,0.6945923165829467,False
offset,7Networks_RH_Cont_PFCl_1,NCBP_nontrans_vs_HC,Non-transitioners − HC,NCBP_nontrans,HC,0.03799934660451304,0.08916615167429988,0.4261633578548337,0.6699888155919334,-0.13676309931715055,0.21276179252617664,0.08273073116463142,0.4566988712243605,137,0.8336174916763845,False,Cont,0.6945923165829467,False
offset,7Networks_RH_Cont_PFCl_2,NCBP_trans_vs_NCBP_nontrans,Transitioners − Non-transitioners,NCBP_trans,NCBP_nontrans,-0.04186682039724299,0.1090831631278054,-0.38380643902112055,0.701121915267449,-0.25566589144744917,0.1719322506529632,-0.08989107980048924,0.4630992245696865,137,0.8058872589281023,False,Cont,0.6945923165829467,False
offset,7Networks_RH_Cont_PFCl_2,NCBP_trans_vs_HC,Transitioners − HC,NCBP_trans,HC,0.05367155148316882,0.10253616087868113,0.5234402285323712,0.6006679354913806,-0.14729563095205106,0.2546387339183887,0.11523668794555281,0.4630992245696865,137,0.9439711193443103,False,Cont,0.6945923165829467,False
offset,7Networks_RH_Cont_PFCl_2,NCBP_nontrans_vs_HC,Non-transitioners − HC,NCBP_nontrans,HC,0.09553837188041181,0.09491079235645765,1.0066123093946697,0.31412111679377297,-0.09048336288240463,0.2815601066432283,0.20512776774604205,0.4630992245696865,137,0.8336174916763845,False,Cont,0.6945923165829467,False
offset,7Networks_RH_Cont_PFCl_3,NCBP_trans_vs_NCBP_nontrans,Transitioners − Non-transitioners,NCBP_trans,NCBP_nontrans,-0.10590487680837266,0.09095323031572043,-1.164388295399201,0.2442666887698911,-0.2841699325047613,0.07236017888801599,-0.2886430598457559,0.36481737272018894,137,0.49234334726669127,False,Cont,0.6945923165829467,False
offset,7Networks_RH_Cont_PFCl_3,NCBP_trans_vs_HC,Transitioners − HC,NCBP_trans,HC,0.012925628882104051,0.08760538519915621,0.1475437708848582,0.8827028335777859,-0.15877777096000043,0.18462902872420853,0.035228718293228135,0.36481737272018894,137,0.9976337906682462,False,Cont,0.6945923165829467,False
offset,7Networks_RH_Cont_PFCl_3,NCBP_nontrans_vs_HC,Non-transitioners − HC,NCBP_nontrans,HC,0.1188305056904767,0.07058134519754473,1.6835964993000783,0.09225967574081556,-0.019506388877100073,0.2571674002580535,0.323871778138984,0.36481737272018894,137,0.8336174916763845,False,Cont,0.6945923165829467,False
offset,7Networks_RH_Cont_PFCl_4,NCBP_trans_vs_NCBP_nontrans,Transitioners − Non-transitioners,NCBP_trans,NCBP_nontrans,-0.0887836987003191,0.09450941699752427,-0.9394164255890485,0.34751698294742084,-0.2740187522153443,0.09645135481470607,-0.22885699327051406,0.3857355957938535,137,0.5588442926611349,False,Cont,0.6945923165829467,False
offset,7Networks_RH_Cont_PFCl_4,NCBP_trans_vs_HC,Transitioners − HC,NCBP_trans,HC,-0.041915271286141004,0.0863632702329144,-0.4853367776961095,0.6274374712028241,-0.21118417052975336,0.12735362795747135,-0.108044642193192,0.3857355957938535,137,0.9439711193443103,False,Cont,0.6945923165829467,False
offset,7Networks_RH_Cont_PFCl_4,NCBP_nontrans_vs_HC,Non-transitioners − HC,NCBP_nontrans,HC,0.0468684274141781,0.0796204602263914,0.5886480344488495,0.5560974042195076,-0.10918480706205289,0.20292166189040908,0.12081235107732206,0.3857355957938535,137,0.8336174916763845,False,Cont,0.6945923165829467,False
offset,7Networks_RH_Cont_PFCmp_1,NCBP_trans_vs_NCBP_nontrans,Transitioners − Non-transitioners,NCBP_trans,NCBP_nontrans,-0.035857735269087365,0.08499542089744878,-0.42187843639660905,0.673113750275439,-0.20244569907891005,0.13073022854073532,-0.103581099931933,0.3442096247513506,137,0.7894699809679386,False,Cont,0.6945923165829467,False
offset,7Networks_RH_Cont_PFCmp_1,NCBP_trans_vs_HC,Transitioners − HC,NCBP_trans,HC,-0.01241577832376392,0.08167205820322586,-0.15201990248451366,0.8791712381790785,-0.17249007094534569,0.14765851429781784,-0.03586506413848177,0.3442096247513506,137,0.9976337906682462,False,Cont,0.6945923165829467,False
offset,7Networks_RH_Cont_PFCmp_1,NCBP_nontrans_vs_HC,Non-transitioners − HC,NCBP_nontrans,HC,0.023441956945323444,0.06642901126429566,0.35288733791410576,0.7241729038232584,-0.10675651266130162,0.1536404265519485,0.06771603579345123,0.3442096247513506,137,0.8519681221450098,False,Cont,0.6945923165829467,False
offset,7Networks_RH_Cont_Par_1,NCBP_trans_vs_NCBP_nontrans,Transitioners − Non-transitioners,NCBP_trans,NCBP_nontrans,-0.051227752743352714,0.06821527529038131,-0.7509718684749789,0.4526695861647412,-0.18492723550798518,0.08247173002127973,-0.17670498831823916,0.2882552108024991,137,0.6358636261047593,False,Cont,0.6945923165829467,False
offset,7Networks_RH_Cont_Par_1,NCBP_trans_vs_HC,Transitioners − HC,NCBP_trans,HC,-0.0002482134712438744,0.0608709118987545,-0.004077702526565126,0.9967464731269313,-0.11955300849891333,0.11905658155642558,-0.0008561874411379433,0.2882552108024991,137,0.9985470871421656,False,Cont,0.6945923165829467,False
offset,7Networks_RH_Cont_Par_1,NCBP_nontrans_vs_HC,Non-transitioners − HC,NCBP_nontrans,HC,0.05097953927210884,0.06151414759877765,0.8287449515617097,0.4072487437212585,-0.0695859745611764,0.17154505310539409,0.17584880087710122,0.2882552108024991,137,0.8336174916763845,False,Cont,0.6945923165829467,False
offset,7Networks_RH_Cont_Par_2,NCBP_trans_vs_NCBP_nontrans,Transitioners − Non-transitioners,NCBP_trans,NCBP_nontrans,-0.017053448754952724,0.060281605551072294,-0.2828963926732933,0.7772562599121129,-0.1352032245653042,0.10109632705539877,-0.06129904621255393,0.27661719629773857,137,0.8477435162798413,False,Cont,0.6945923165829467,False
offset,7Networks_RH_Cont_Par_2,NCBP_trans_vs_HC,Transitioners − HC,NCBP_trans,HC,0.03634135187809917,0.05763493217146091,0.630543847435884,0.5283388243368055,-0.0766210394293731,0.14930374318557144,0.1306298942936871,0.27661719629773857,137,0.9439711193443103,False,Cont,0.6945923165829467,False
offset,7Networks_RH_Cont_Par_2,NCBP_nontrans_vs_HC,Non-transitioners − HC,NCBP_nontrans,HC,0.053394800633051895,0.057410364590456675,0.9300550695671372,0.35234257234135946,-0.059127446303556805,0.16591704756966058,0.19192894050624104,0.27661719629773857,137,0.8336174916763845,False,Cont,0.6945923165829467,False
offset,7Networks_RH_Cont_pCun_1,NCBP_trans_vs_NCBP_nontrans,Transitioners − Non-transitioners,NCBP_trans,NCBP_nontrans,-0.11167528076179242,0.07762762958174672,-1.4386022265975724,0.15026325514828207,-0.2638226389472321,0.04047207742364725,-0.3417391652336022,0.32492488247580925,137,0.4904337468128581,False,Cont,0.6945923165829467,False
offset,7Networks_RH_Cont_pCun_1,NCBP_trans_vs_HC,Transitioners − HC,NCBP_trans,HC,-0.08515752344186453,0.07325104803266397,-1.1625434137664659,0.24501480076948,-0.2287269394156995,0.05841189253197043,-0.2605917869726124,0.32492488247580925,137,0.9439711193443103,False,Cont,0.6945923165829467,False
offset,7Networks_RH_Cont_pCun_1,NCBP_nontrans_vs_HC,Non-transitioners − HC,NCBP_nontrans,HC,0.026517757319927893,0.06729110098417977,0.39407524816932704,0.693525484575114,-0.10537037708911223,0.15840589172896802,0.08114737826098975,0.32492488247580925,137,0.8355728729820651,False,Cont,0.6945923165829467,False
offset,7Networks_RH_Default_PFCdPFCm_1,NCBP_trans_vs_NCBP_nontrans,Transitioners − Non-transitioners,NCBP_trans,NCBP_nontrans,-0.06576859499025434,0.10517772437443032,-0.625309164858137,0.5317681660249071,-0.2719131467400183,0.14037595675950967,-0.15222167616455645,0.4295984800527307,137,0.6959225986236578,False,Default,0.6945923165829467,False
offset,7Networks_RH_Default_PFCdPFCm_1,NCBP_trans_vs_HC,Transitioners − HC,NCBP_trans,HC,-0.08339570575693736,0.09997384061672206,-0.8341752726761628,0.4041822230766421,-0.2793408327618602,0.1125494212479855,-0.1930196945385295,0.4295984800527307,137,0.9439711193443103,False,Default,0.6945923165829467,False
offset,7Networks_RH_Default_PFCdPFCm_1,NCBP_nontrans_vs_HC,Non-transitioners − HC,NCBP_nontrans,HC,-0.017627110766683024,0.08295536098966708,-0.212489109279853,0.8317254733339088,-0.18021663063094948,0.14496240909758343,-0.040798018373973066,0.4295984800527307,137,0.8943284659504395,False,Default,0.6945923165829467,False
offset,7Networks_RH_Default_PFCdPFCm_2,NCBP_trans_vs_NCBP_nontrans,Transitioners − Non-transitioners,NCBP_trans,NCBP_nontrans,-0.03517351897655212,0.07376862454629911,-0.4768086594115131,0.6334983789099272,-0.17975736627635575,0.10941032832325152,-0.1128152251736158,0.31000505616110774,137,0.7632510589276232,False,Default,0.6945923165829467,False
offset,7Networks_RH_Default_PFCdPFCm_2,NCBP_trans_vs_HC,Transitioners − HC,NCBP_trans,HC,-0.005050987452144912,0.06586915543553697,-0.07668213473737452,0.9388764171023803,-0.1341521597978681,0.12405018489357827,-0.01620049125999316,0.31000505616110774,137,0.9985470871421656,False,Default,0.6945923165829467,False
offset,7Networks_RH_Default_PFCdPFCm_2,NCBP_nontrans_vs_HC,Non-transitioners − HC,NCBP_nontrans,HC,0.030122531524407206,0.06213116113953183,0.4848216413782958,0.6278028699734801,-0.09165230662672975,0.15189736967554418,0.09661473391362263,0.31000505616110774,137,0.8336174916763845,False,Default,0.6945923165829467,False
offset,7Networks_RH_Default_PFCdPFCm_3,NCBP_trans_vs_NCBP_nontrans,Transitioners − Non-transitioners,NCBP_trans,NCBP_nontrans,-0.051852129356740995,0.0837617295843502,-0.6190432028331575,0.5358878982809445,-0.21602210262485053,0.11231784391136854,-0.15572642871705603,0.33107389907796836,137,0.6959225986236578,False,Default,0.6945923165829467,False
offset,7Networks_RH_Default_PFCdPFCm_3,NCBP_trans_vs_HC,Transitioners − HC,NCBP_trans,HC,0.007076378981446668,0.0787137673555298,0.08990014350964155,0.9283665671110886,-0.14719977012285637,0.1613525280857497,0.02125234278128765,0.33107389907796836,137,0.9982436205495575,False,Default,0.6945923165829467,False
offset,7Networks_RH_Default_PFCdPFCm_3,NCBP_nontrans_vs_HC,Non-transitioners − HC,NCBP_nontrans,HC,0.05892850833818766,0.06517862446495051,0.9041078853984742,0.36593819752690415,-0.06881924817497659,0.18667626485135191,0.17697877149834368,0.33107389907796836,137,0.8336174916763845,False,Default,0.6945923165829467,False
offset,7Networks_RH_Default_PFCv_1,NCBP_trans_vs_NCBP_nontrans,Transitioners − Non-transitioners,NCBP_trans,NCBP_nontrans,-0.06324937198239844,0.12147223163118466,-0.5206899645545073,0.6025827664272556,-0.3013305711012275,0.17483182713643064,-0.12305306299277334,0.5110747924669568,137,0.7439293412682167,False,Default,0.6945923165829467,False
offset,7Networks_RH_Default_PFCv_1,NCBP_trans_vs_HC,Transitioners − HC,NCBP_trans,HC,-0.000209302914784798,0.11494114808432589,-0.0018209572313584706,0.9985470871421656,-0.22548981350174857,0.22507120767217897,-0.00040720348598484484,0.5110747924669568,137,0.9985470871421656,False,Default,0.6945923165829467,False
offset,7Networks_RH_Default_PFCv_1,NCBP_nontrans_vs_HC,Non-transitioners − HC,NCBP_nontrans,HC,0.06304006906761364,0.1023080707332547,0.61617884704303,0.5377764877100417,-0.1374800648973419,0.2635602030325692,0.1226458595067885,0.5110747924669568,137,0.8336174916763845,False,Default,0.6945923165829467,False
offset,7Networks_RH_Default_PFCv_2,NCBP_trans_vs_NCBP_nontrans,Transitioners − Non-transitioners,NCBP_trans,NCBP_nontrans,-0.088382326192562,0.12129659501797387,-0.7286463909350911,0.4662179933403461,-0.32611928387513134,0.14935463149000733,-0.1751811093330097,0.5016477023727847,137,0.6386547853977343,False,Default,0.6945923165829467,False
offset,7Networks_RH_Default_PFCv_2,NCBP_trans_vs_HC,Transitioners − HC,NCBP_trans,HC,-0.015570872243280659,0.11045564714888444,-0.1409694537599558,0.8878940736947392,-0.23205996254415845,0.20091821805759713,-0.030862761712307504,0.5016477023727847,137,0.9976337906682462,False,Default,0.6945923165829467,False
offset,7Networks_RH_Default_PFCv_2,NCBP_nontrans_vs_HC,Non-transitioners − HC,NCBP_nontrans,HC,0.07281145394928135,0.10398387385810991,0.7002187093802203,0.4837907291736283,-0.13099319378557012,0.2766161016841328,0.1443183476207022,0.5016477023727847,137,0.8336174916763845,False,Default,0.6945923165829467,False
offset,7Networks_RH_Default_Par_1,NCBP_trans_vs_NCBP_nontrans,Transitioners − Non-transitioners,NCBP_trans,NCBP_nontrans,-0.027466873875561848,0.06636044341342986,-0.41390431502154745,0.6789441836324273,-0.15753095296399264,0.10259720521286894,-0.0888805771443623,0.30727203667234504,137,0.7894699809679386,False,Default,0.6945923165829467,False
offset,7Networks_RH_Default_Par_1,NCBP_trans_vs_HC,Transitioners − HC,NCBP_trans,HC,0.03614054881278289,0.06290164563520896,0.574556491293979,0.565591284569617,-0.08714441120052777,0.15942550882609355,0.11694788607349056,0.30727203667234504,137,0.9439711193443103,False,Default,0.6945923165829467,False
offset,7Networks_RH_Default_Par_1,NCBP_nontrans_vs_HC,Non-transitioners − HC,NCBP_nontrans,HC,0.06360742268834474,0.0638926811160255,0.9955353504861888,0.3194759600275452,-0.06161993117476766,0.18883477655145714,0.20582846321785286,0.30727203667234504,137,0.8336174916763845,False,Default,0.6945923165829467,False
offset,7Networks_RH_Default_Temp_1,NCBP_trans_vs_NCBP_nontrans,Transitioners − Non-transitioners,NCBP_trans,NCBP_nontrans,-0.0035069076809790545,0.10054771768797192,-0.034878043595797804,0.9721769886314265,-0.20057681307710498,0.19356299771514687,-0.007476895945423398,0.46636255006057203,137,0.9721769886314265,False,Default,0.6945923165829467,False
offset,7Networks_RH_Default_Temp_1,NCBP_trans_vs_HC,Transitioners − HC,NCBP_trans,HC,0.045737197931602885,0.0934980720428329,0.48917797909939764,0.6247156982598467,-0.13751565589628093,0.2289900517594867,0.09751390708818364,0.46636255006057203,137,0.9439711193443103,False,Default,0.6945923165829467,False
offset,7Networks_RH_Default_Temp_1,NCBP_nontrans_vs_HC,Non-transitioners − HC,NCBP_nontrans,HC,0.04924410561258194,0.099699722888083,0.49392419744095434,0.6213597147945433,-0.14616376051668445,0.24465197174184833,0.10499080303360703,0.46636255006057203,137,0.8336174916763845,False,Default,0.6945923165829467,False
offset,7Networks_RH_Default_Temp_2,NCBP_trans_vs_NCBP_nontrans,Transitioners − Non-transitioners,NCBP_trans,NCBP_nontrans,-0.05560621311683203,0.10007014715412095,-0.5556723428335854,0.5784348667578844,-0.2517400974665325,0.1405276712328684,-0.12048555592642474,0.4588904353224636,137,0.7230435834473554,False,Default,0.6945923165829467,False
offset,7Networks_RH_Default_Temp_2,NCBP_trans_vs_HC,Transitioners − HC,NCBP_trans,HC,0.06741132025196211,0.09502339192483017,0.7094181641641351,0.47806501906545207,-0.11883110560953922,0.2536537461134635,0.14606444030322482,0.4588904353224636,137,0.9439711193443103,False,Default,0.6945923165829467,False
offset,7Networks_RH_Default_Temp_2,NCBP_nontrans_vs_HC,Non-transitioners − HC,NCBP_nontrans,HC,0.12301753336879415,0.09261421071222606,1.3282792394683176,0.18408587548602495,-0.05850298408377261,0.3045380508213609,0.2665499962296496,0.4588904353224636,137,0.8336174916763845,False,Default,0.6945923165829467,False
offset,7Networks_RH_Default_Temp_3,NCBP_trans_vs_NCBP_nontrans,Transitioners − Non-transitioners,NCBP_trans,NCBP_nontrans,-0.1166136383088241,0.09927529107804886,-1.1746491704279574,0.24013510278502426,-0.3111896333765304,0.07796235675888222,-0.25498564031231025,0.45473071900686596,137,0.49234334726669127,False,Default,0.6945923165829467,False
offset,7Networks_RH_Default_Temp_3,NCBP_trans_vs_HC,Transitioners − HC,NCBP_trans,HC,-0.010234538396205806,0.09716344061313198,-0.10533322339784015,0.9161114011438012,-0.20067138261194087,0.18020230581952926,-0.022378688840377175,0.45473071900686596,137,0.9982436205495575,False,Default,0.6945923165829467,False
offset,7Networks_RH_Default_Temp_3,NCBP_nontrans_vs_HC,Non-transitioners − HC,NCBP_nontrans,HC,0.10637909991261829,0.09041504710722544,1.1765641153342616,0.23936952766061415,-0.07083113607803596,0.2835893359032725,0.23260695147193305,0.45473071900686596,137,0.8336174916763845,False,Default,0.6945923165829467,False
offset,7Networks_RH_Default_pCunPCC_1,NCBP_trans_vs_NCBP_nontrans,Transitioners − Non-transitioners,NCBP_trans,NCBP_nontrans,-0.0894525075709793,0.09567437743071468,-0.934968274403028,0.34980464953945734,-0.27697084157847185,0.09806582643651326,-0.224365926812913,0.3964206665591149,137,0.5588442926611349,False,Default,0.6945923165829467,False
offset,7Networks_RH_Default_pCunPCC_1,NCBP_trans_vs_HC,Transitioners − HC,NCBP_trans,HC,-0.06543941431606251,0.08630982353711288,-0.7581919604774053,0.44833607340183024,-0.2346035599608112,0.10372473132868618,-0.16413597831751464,0.3964206665591149,137,0.9439711193443103,False,Default,0.6945923165829467,False
offset,7Networks_RH_Default_pCunPCC_1,NCBP_nontrans_vs_HC,Non-transitioners − HC,NCBP_nontrans,HC,0.024013093254916795,0.08378858473970913,0.2865914650487765,0.7744251503288877,-0.14020951515049548,0.18823570166032907,0.060229948495398374,0.3964206665591149,137,0.8701406183470648,False,Default,0.6945923165829467,False
offset,7Networks_RH_Default_pCunPCC_2,NCBP_trans_vs_NCBP_nontrans,Transitioners − Non-transitioners,NCBP_trans,NCBP_nontrans,-0.1248974622463492,0.08923646252018791,-1.3996236372334203,0.16162605184872525,-0.2997977148936759,0.05000279040097749,-0.3478949180205144,0.35696546447637995,137,0.4904337468128581,False,Default,0.6945923165829467,False
offset,7Networks_RH_Default_pCunPCC_2,NCBP_trans_vs_HC,Transitioners − HC,NCBP_trans,HC,-0.07252832962719882,0.08010576381048595,-0.9054071289899462,0.36524974037477553,-0.22953274164982335,0.0844760823954257,-0.20202361870292307,0.35696546447637995,137,0.9439711193443103,False,Default,0.6945923165829467,False
offset,7Networks_RH_Default_pCunPCC_2,NCBP_nontrans_vs_HC,Non-transitioners − HC,NCBP_nontrans,HC,0.05236913261915038,0.0753436381832947,0.6950703985351445,0.4870111846063232,-0.09530168468432407,0.20003994992262483,0.14587129931759135,0.35696546447637995,137,0.8336174916763845,False,Default,0.6945923165829467,False
offset,7Networks_RH_DorsAttn_FEF_1,NCBP_trans_vs_NCBP_nontrans,Transitioners − Non-transitioners,NCBP_trans,NCBP_nontrans,-0.07885666865676755,0.08004756852895997,-0.9851225977993125,0.3245638545578504,-0.23574702002353096,0.07803368270999586,-0.24646158591076192,0.3181338338181769,137,0.5461312642715965,False,DorsAttn,0.6945923165829467,False
offset,7Networks_RH_DorsAttn_FEF_1,NCBP_trans_vs_HC,Transitioners − HC,NCBP_trans,HC,-0.04192870936216278,0.0715410758331579,-0.5860788207874509,0.5578225480947034,-0.1821466414104011,0.09828922268607554,-0.13104555874112736,0.3181338338181769,137,0.9439711193443103,False,DorsAttn,0.6945923165829467,False
offset,7Networks_RH_DorsAttn_FEF_1,NCBP_nontrans_vs_HC,Non-transitioners − HC,NCBP_nontrans,HC,0.03692795929460477,0.06663840895804028,0.5541542763702075,0.5794732673652221,-0.0936809222502055,0.16753684083941503,0.11541602716963455,0.3181338338181769,137,0.8336174916763845,False,DorsAttn,0.6945923165829467,False
offset,7Networks_RH_DorsAttn_Post_1,NCBP_trans_vs_NCBP_nontrans,Transitioners − Non-transitioners,NCBP_trans,NCBP_nontrans,-0.13639105179557423,0.08219993373393525,-1.6592598752821968,0.09706343693784544,-0.29749996144566637,0.02471785785451791,-0.3554929989724567,0.3814832712258037,137,0.4904337468128581,False,DorsAttn,0.6945923165829467,False
offset,7Networks_RH_DorsAttn_Post_1,NCBP_trans_vs_HC,Transitioners − HC,NCBP_trans,HC,-0.030755251172657316,0.08462385984318935,-0.36343474794990155,0.7162801486198027,-0.1966149686980738,0.13510446635275916,-0.08016124466806032,0.3814832712258037,137,0.9439711193443103,False,DorsAttn,0.6945923165829467,False
offset,7Networks_RH_DorsAttn_Post_1,NCBP_nontrans_vs_HC,Non-transitioners − HC,NCBP_nontrans,HC,0.10563580062291691,0.07411701452839012,1.4252570923840124,0.15408289831761474,-0.039630878494359645,0.2509024797401935,0.2753317543043963,0.3814832712258037,137,0.8336174916763845,False,DorsAttn,0.6945923165829467,False
offset,7Networks_RH_DorsAttn_Post_2,NCBP_trans_vs_NCBP_nontrans,Transitioners − Non-transitioners,NCBP_trans,NCBP_nontrans,-0.08687258979602028,0.07590023113244018,-1.1445629150250434,0.25239026183434277,-0.2356343092338688,0.061889129641828244,-0.27816046063896666,0.3105332034822484,137,0.49234334726669127,False,DorsAttn,0.6945923165829467,False
offset,7Networks_RH_DorsAttn_Post_2,NCBP_trans_vs_HC,Transitioners − HC,NCBP_trans,HC,-0.07386448655947392,0.06814359904092457,-1.0839534101378119,0.2783854565553877,-0.20742348645662423,0.05969451333767639,-0.2365093483973154,0.3105332034822484,137,0.9439711193443103,False,DorsAttn,0.6945923165829467,False
offset,7Networks_RH_DorsAttn_Post_2,NCBP_nontrans_vs_HC,Non-transitioners − HC,NCBP_nontrans,HC,0.013008103236546359,0.06525390429409203,0.1993459759575503,0.8419921171872548,-0.1148871990304976,0.14090340550359032,0.04165111224165125,0.3105332034822484,137,0.8957362948800583,False,DorsAttn,0.6945923165829467,False
offset,7Networks_RH_DorsAttn_Post_3,NCBP_trans_vs_NCBP_nontrans,Transitioners − Non-transitioners,NCBP_trans,NCBP_nontrans,-0.05041655648450857,0.06724938296287168,-0.7496954509209921,0.4534381479556353,-0.1822229250742786,0.08138981210526144,-0.1748652673650449,0.2866753127683665,137,0.6358636261047593,False,DorsAttn,0.6945923165829467,False
offset,7Networks_RH_DorsAttn_Post_3,NCBP_trans_vs_HC,Transitioners − HC,NCBP_trans,HC,-0.003926263332686558,0.06215942284815316,-0.06316441100616192,0.9496355840683922,-0.1257564934148629,0.11790396674948977,-0.01361788934606765,0.2866753127683665,137,0.9985470871421656,False,DorsAttn,0.6945923165829467,False
offset,7Networks_RH_DorsAttn_Post_3,NCBP_nontrans_vs_HC,Non-transitioners − HC,NCBP_nontrans,HC,0.046490293151822015,0.06002372451000073,0.7745319626754605,0.43861627427670247,-0.07115404510573352,0.16413463140937756,0.16124737801897726,0.2866753127683665,137,0.8336174916763845,False,DorsAttn,0.6945923165829467,False
offset,7Networks_RH_DorsAttn_Post_4,NCBP_trans_vs_NCBP_nontrans,Transitioners − Non-transitioners,NCBP_trans,NCBP_nontrans,-0.08015888328429382,0.07030827582518083,-1.140105945473705,0.25424216525606425,-0.2179605717167564,0.057642805148168746,-0.26042478198976526,0.30604833475050314,137,0.49234334726669127,False,DorsAttn,0.6945923165829467,False
offset,7Networks_RH_DorsAttn_Post_4,NCBP_trans_vs_HC,Transitioners − HC,NCBP_trans,HC,-0.01656336884775786,0.06563013347612558,-0.25237445012637605,0.8007516469434129,-0.14519606676152053,0.11206932906600481,-0.05381202362681356,0.30604833475050314,137,0.9799476356803187,False,DorsAttn,0.6945923165829467,False
offset,7Networks_RH_DorsAttn_Post_4,NCBP_nontrans_vs_HC,Non-transitioners − HC,NCBP_nontrans,HC,0.06359551443653597,0.06345550730500722,1.002206382668344,0.3162439257799148,-0.0607749945019965,0.18796602337506843,0.2066127583629517,0.30604833475050314,137,0.8336174916763845,False,DorsAttn,0.6945923165829467,False
offset,7Networks_RH_DorsAttn_Post_5,NCBP_trans_vs_NCBP_nontrans,Transitioners − Non-transitioners,NCBP_trans,NCBP_nontrans,-0.09382729783084393,0.06234159875561264,-1.5050511970130798,0.13231091467283188,-0.21601458613049174,0.0283599904688039,-0.3384041796630763,0.2756856510569851,137,0.4904337468128581,False,DorsAttn,0.6945923165829467,False
offset,7Networks_RH_DorsAttn_Post_5,NCBP_trans_vs_HC,Transitioners − HC,NCBP_trans,HC,-0.009436262640241139,0.05985115638395282,-0.15766216077273942,0.8747230188236909,-0.1267423735858632,0.10786984830538092,-0.03403349336152799,0.2756856510569851,137,0.9976337906682462,False,DorsAttn,0.6945923165829467,False
offset,7Networks_RH_DorsAttn_Post_5,NCBP_nontrans_vs_HC,Non-transitioners − HC,NCBP_nontrans,HC,0.08439103519060279,0.056371337013259776,1.4970557673796554,0.13437874786028317,-0.02609475511575607,0.19487682549696164,0.30437068630154823,0.2756856510569851,137,0.8336174916763845,False,DorsAttn,0.6945923165829467,False
offset,7Networks_RH_DorsAttn_PrCv_1,NCBP_trans_vs_NCBP_nontrans,Transitioners − Non-transitioners,NCBP_trans,NCBP_nontrans,-0.030782386217192037,0.1077969724318397,-0.28555891248852855,0.7752159766137807,-0.24206056982605492,0.18049579739167085,-0.07095542380476827,0.4313575027232427,137,0.8477435162798413,False,DorsAttn,0.6945923165829467,False
offset,7Networks_RH_DorsAttn_PrCv_1,NCBP_trans_vs_HC,Transitioners − HC,NCBP_trans,HC,0.009785608341119856,0.09894443070114277,0.09890004188994576,0.9212176356470022,-0.18414191230393917,0.20371312898617888,0.022556470513122307,0.4313575027232427,137,0.9982436205495575,False,DorsAttn,0.6945923165829467,False
offset,7Networks_RH_DorsAttn_PrCv_1,NCBP_nontrans_vs_HC,Non-transitioners − HC,NCBP_nontrans,HC,0.04056799455831189,0.08825571858976042,0.4596642031422841,0.6457572675765295,-0.13241003530732065,0.21354602442394444,0.09351189431789057,0.4313575027232427,137,0.8336174916763845,False,DorsAttn,0.6945923165829467,False
offset,7Networks_RH_Limbic_OFC_1,NCBP_trans_vs_NCBP_nontrans,Transitioners − Non-transitioners,NCBP_trans,NCBP_nontrans,-0.030840598472494485,0.12171343669205742,-0.25338696622726314,0.7999691985400454,-0.2693945508235229,0.20771335387853399,-0.05943930201628432,0.5159050367874948,137,0.8601819339140273,False,Limbic,0.6945923165829467,False
offset,7Networks_RH_Limbic_OFC_1,NCBP_trans_vs_HC,Transitioners − HC,NCBP_trans,HC,-0.0202439936640679,0.11664865903867153,-0.17354673282061975,0.862221697648717,-0.24887116422475675,0.20838317689662095,-0.0390163911536102,0.5159050367874948,137,0.9976337906682462,False,Limbic,0.6945923165829467,False
offset,7Networks_RH_Limbic_OFC_1,NCBP_nontrans_vs_HC,Non-transitioners − HC,NCBP_nontrans,HC,0.010596604808426585,0.10206126468172039,0.10382592104332881,0.9173074956167491,-0.1894397981843552,0.21063300780120836,0.020422910862674115,0.5159050367874948,137,0.9360280567517848,False,Limbic,0.6945923165829467,False
offset,7Networks_RH_Limbic_TempPole_1,NCBP_trans_vs_NCBP_nontrans,Transitioners − Non-transitioners,NCBP_trans,NCBP_nontrans,-0.02455399734391822,0.11196633823644457,-0.21929802948513324,0.8264178967893934,-0.24400398776817953,0.19489599308034308,-0.04857589597196283,0.5025995049488764,137,0.8699135755677825,False,Limbic,0.6945923165829467,False
offset,7Networks_RH_Limbic_TempPole_1,NCBP_trans_vs_HC,Transitioners − HC,NCBP_trans,HC,0.03660589711165882,0.09968235517123183,0.3672254437485765,0.7134508617813267,-0.15876792891808558,0.23197972314140322,0.07241852416737948,0.5025995049488764,137,0.9439711193443103,False,Limbic,0.6945923165829467,False
offset,7Networks_RH_Limbic_TempPole_1,NCBP_nontrans_vs_HC,Non-transitioners − HC,NCBP_nontrans,HC,0.06115989445557704,0.10687157910746845,0.572274639959007,0.5671359276979818,-0.1483045515659844,0.27062434047713846,0.1209944201393423,0.5025995049488764,137,0.8336174916763845,False,Limbic,0.6945923165829467,False
offset,7Networks_RH_SalVentAttn_FrOperIns_1,NCBP_trans_vs_NCBP_nontrans,Transitioners − Non-transitioners,NCBP_trans,NCBP_nontrans,-0.05688131799604587,0.11741245336599153,-0.48445728170536223,0.6280613743001762,-0.2870054979298779,0.17324286193778615,-0.11831514827884625,0.47802429570145266,137,0.7632510589276232,False,SalVentAttn,0.6945923165829467,False
offset,7Networks_RH_SalVentAttn_FrOperIns_1,NCBP_trans_vs_HC,Transitioners − HC,NCBP_trans,HC,0.0010832385125972566,0.10767463382769804,0.0100602943710091,0.9919731818428742,-0.2099551658382291,0.2121216428634236,0.0022531743242695363,0.47802429570145266,137,0.9985470871421656,False,SalVentAttn,0.6945923165829467,False
offset,7Networks_RH_SalVentAttn_FrOperIns_1,NCBP_nontrans_vs_HC,Non-transitioners − HC,NCBP_nontrans,HC,0.05796455650864313,0.09769338234288594,0.5933314531500006,0.5529593530865402,-0.13351095441131455,0.2494400674286008,0.12056832260311579,0.47802429570145266,137,0.8336174916763845,False,SalVentAttn,0.6945923165829467,False
offset,7Networks_RH_SalVentAttn_Med_1,NCBP_trans_vs_NCBP_nontrans,Transitioners − Non-transitioners,NCBP_trans,NCBP_nontrans,-0.12387365977049616,0.07367403690136051,-1.6813746739077986,0.09269016162549731,-0.2682721186928377,0.020524799151845352,-0.3931010531236434,0.3133252776688871,137,0.4904337468128581,False,SalVentAttn,0.6945923165829467,False
offset,7Networks_RH_SalVentAttn_Med_1,NCBP_trans_vs_HC,Transitioners − HC,NCBP_trans,HC,-0.07665758321812297,0.06702949310132067,-1.1436396080490812,0.2527731284146574,-0.2080329755986875,0.054717809162441566,-0.24326541048991218,0.3133252776688871,137,0.9439711193443103,False,SalVentAttn,0.6945923165829467,False
offset,7Networks_RH_SalVentAttn_Med_1,NCBP_nontrans_vs_HC,Non-transitioners − HC,NCBP_nontrans,HC,0.0472160765523732,0.06612177311018441,0.7140775924700775,0.47517920093832144,-0.08238021733751724,0.17681237044226364,0.14983564263373123,0.3133252776688871,137,0.8336174916763845,False,SalVentAttn,0.6945923165829467,False
offset,7Networks_RH_SalVentAttn_Med_2,NCBP_trans_vs_NCBP_nontrans,Transitioners − Non-transitioners,NCBP_trans,NCBP_nontrans,-0.07899808798621383,0.07724418234349141,-1.0227059901407605,0.3064468783299382,-0.23039390339470175,0.0723977274222741,-0.24605542243765646,0.31923045110060827,137,0.5461312642715965,False,SalVentAttn,0.6945923165829467,False
offset,7Networks_RH_SalVentAttn_Med_2,NCBP_trans_vs_HC,Transitioners − HC,NCBP_trans,HC,-0.11751536783206767,0.06997802485169186,-1.6793181585379728,0.09309005389750984,-0.2546697762506326,0.01963904058649721,-0.3660252319003225,0.31923045110060827,137,0.9439711193443103,False,SalVentAttn,0.6945923165829467,False
offset,7Networks_RH_SalVentAttn_Med_2,NCBP_nontrans_vs_HC,Non-transitioners − HC,NCBP_nontrans,HC,-0.03851727984585385,0.0657833381574625,-0.5855172590003996,0.558199965131458,-0.16745025341729983,0.09041569372559213,-0.11996980946266604,0.31923045110060827,137,0.8336174916763845,False,SalVentAttn,0.6945923165829467,False
offset,7Networks_RH_SalVentAttn_TempOccPar_1,NCBP_trans_vs_NCBP_nontrans,Transitioners − Non-transitioners,NCBP_trans,NCBP_nontrans,-0.07056386534478676,0.08592024627119979,-0.8212716839993458,0.41149153286610085,-0.23896445357915022,0.0978367228895767,-0.17450673397977803,0.4020599773521343,137,0.6172038157225891,False,SalVentAttn,0.6945923165829467,False
offset,7Networks_RH_SalVentAttn_TempOccPar_1,NCBP_trans_vs_HC,Transitioners − HC,NCBP_trans,HC,0.02141631416316786,0.08609702907278208,0.24874626213947046,0.8035570612578613,-0.14733076199538298,0.1901633903217187,0.05296324145847541,0.4020599773521343,137,0.9799476356803187,False,SalVentAttn,0.6945923165829467,False
offset,7Networks_RH_SalVentAttn_TempOccPar_1,NCBP_nontrans_vs_HC,Non-transitioners − HC,NCBP_nontrans,HC,0.09198017950795462,0.0785705883973005,1.1706693482152266,0.2417317104576462,-0.06201534399487499,0.24597570301078422,0.22746997543825345,0.4020599773521343,137,0.8336174916763845,False,SalVentAttn,0.6945923165829467,False
offset,7Networks_RH_SalVentAttn_TempOccPar_2,NCBP_trans_vs_NCBP_nontrans,Transitioners − Non-transitioners,NCBP_trans,NCBP_nontrans,-0.05920064141624057,0.07973812772930947,-0.7424383178046466,0.4578218107954267,-0.21548449996034172,0.09708321712786058,-0.16987356163802445,0.3465144034173561,137,0.6358636261047593,False,SalVentAttn,0.6945923165829467,False
offset,7Networks_RH_SalVentAttn_TempOccPar_2,NCBP_trans_vs_HC,Transitioners − HC,NCBP_trans,HC,-0.0227477758264181,0.07537548329875939,-0.30179276909250025,0.7628100434493087,-0.17048100840928684,0.12498545675645065,-0.06527371336751962,0.3465144034173561,137,0.9799476356803187,False,SalVentAttn,0.6945923165829467,False
offset,7Networks_RH_SalVentAttn_TempOccPar_2,NCBP_nontrans_vs_HC,Non-transitioners − HC,NCBP_nontrans,HC,0.03645286558982247,0.07079094753355196,0.5149368225724812,0.6065971685281801,-0.10229484200740394,0.17520057318704887,0.10459984827050484,0.3465144034173561,137,0.8336174916763845,False,SalVentAttn,0.6945923165829467,False
offset,7Networks_RH_SomMot_1,NCBP_trans_vs_NCBP_nontrans,Transitioners − Non-transitioners,NCBP_trans,NCBP_nontrans,-0.10309756433996331,0.09694910423988838,-1.0634194626993287,0.28759177042541006,-0.293114316983564,0.08691918830363737,-0.23048983274599003,0.44475137997648306,137,0.542625981934736,False,SomMot,0.6945923165829467,False
offset,7Networks_RH_SomMot_1,NCBP_trans_vs_HC,Transitioners − HC,NCBP_trans,HC,-0.034122466816910224,0.0942839679906766,-0.36191165416674514,0.7174180507016759,-0.21891564839816366,0.1506707147643432,-0.07628581450843838,0.44475137997648306,137,0.9439711193443103,False,SomMot,0.6945923165829467,False
offset,7Networks_RH_SomMot_1,NCBP_nontrans_vs_HC,Non-transitioners − HC,NCBP_nontrans,HC,0.06897509752305309,0.08844710882185133,0.7798457003493643,0.43548170296328126,-0.10437805030447042,0.2423282453505766,0.15420401823755167,0.44475137997648306,137,0.8336174916763845,False,SomMot,0.6945923165829467,False
offset,7Networks_RH_SomMot_2,NCBP_trans_vs_NCBP_nontrans,Transitioners − Non-transitioners,NCBP_trans,NCBP_nontrans,-0.09098278706717544,0.09290935241050785,-0.9792640321630901,0.32744953735822546,-0.2730817716187105,0.09111619748435959,-0.22428182416271597,0.40335349877667015,137,0.5461312642715965,False,SomMot,0.6945923165829467,False
offset,7Networks_RH_SomMot_2,NCBP_trans_vs_HC,Transitioners − HC,NCBP_trans,HC,-0.05669771306027527,0.08562493983757744,-0.6621635374906606,0.5078664194888464,-0.22451951132033596,0.11112408519978542,-0.13976562953192415,0.40335349877667015,137,0.9439711193443103,False,SomMot,0.6945923165829467,False
offset,7Networks_RH_SomMot_2,NCBP_nontrans_vs_HC,Non-transitioners − HC,NCBP_nontrans,HC,0.034285074006900174,0.08361724719480185,0.4100239502865569,0.6817883785790689,-0.1296017189812943,0.19817186699509465,0.08451619463079182,0.40335349877667015,137,0.8336174916763845,False,SomMot,0.6945923165829467,False
offset,7Networks_RH_SomMot_3,NCBP_trans_vs_NCBP_nontrans,Transitioners − Non-transitioners,NCBP_trans,NCBP_nontrans,-0.14489469413067146,0.10925970224777325,-1.3261494508019718,0.18479019905699068,-0.359039775497877,0.0692503872365341,-0.31898657099700556,0.45164868915815304,137,0.4904337468128581,False,SomMot,0.6945923165829467,False
offset,7Networks_RH_SomMot_3,NCBP_trans_vs_HC,Transitioners − HC,NCBP_trans,HC,-0.0416175473247023,0.10188740298267725,-0.40846607241307403,0.682931534033466,-0.2413131876490686,0.158078092999664,-0.09162128947551455,0.45164868915815304,137,0.9439711193443103,False,SomMot,0.6945923165829467,False
offset,7Networks_RH_SomMot_3,NCBP_nontrans_vs_HC,Non-transitioners − HC,NCBP_nontrans,HC,0.10327714680596917,0.08996003498121699,1.1480336443569936,0.2509546750336974,-0.07304128180517952,0.2795955754171179,0.22736528152149105,0.45164868915815304,137,0.8336174916763845,False,SomMot,0.6945923165829467,False
offset,7Networks_RH_SomMot_4,NCBP_trans_vs_NCBP_nontrans,Transitioners − Non-transitioners,NCBP_trans,NCBP_nontrans,-0.09444036981108009,0.09648586005563328,-0.9788001035242493,0.3276787585629579,-0.2835491805374931,0.09466844091533297,-0.24671221597326742,0.38061657477029487,137,0.5461312642715965,False,SomMot,0.6945923165829467,False
offset,7Networks_RH_SomMot_4,NCBP_trans_vs_HC,Transitioners − HC,NCBP_trans,HC,-0.045122224643039305,0.08740887086016882,-0.5162201982362062,0.6057006247541358,-0.21644046345828283,0.12619601417220422,-0.11787548114854725,0.38061657477029487,137,0.9439711193443103,False,SomMot,0.6945923165829467,False
offset,7Networks_RH_SomMot_4,NCBP_nontrans_vs_HC,Non-transitioners − HC,NCBP_nontrans,HC,0.04931814516804078,0.07813955510350269,0.6311546706749811,0.5279393973992457,-0.10383256860280746,0.20246885893888902,0.1288367348247202,0.38061657477029487,137,0.8336174916763845,False,SomMot,0.6945923165829467,False
offset,7Networks_RH_SomMot_5,NCBP_trans_vs_NCBP_nontrans,Transitioners − Non-transitioners,NCBP_trans,NCBP_nontrans,-0.14290498532981308,0.08220283427690236,-1.7384435291906597,0.08213269231262038,-0.30401957993965634,0.01820960928003021,-0.42927299293214355,0.33100494744382575,137,0.4904337468128581,False,SomMot,0.6945923165829467,False
offset,7Networks_RH_SomMot_5,NCBP_trans_vs_HC,Transitioners − HC,NCBP_trans,HC,-0.09325625468002174,0.07375643542398763,-1.2643812589903476,0.20609321620128396,-0.23781621173909173,0.051303702379048244,-0.2801329251302441,0.33100494744382575,137,0.9439711193443103,False,SomMot,0.6945923165829467,False
offset,7Networks_RH_SomMot_5,NCBP_nontrans_vs_HC,Non-transitioners − HC,NCBP_nontrans,HC,0.049648730649791334,0.0686670688448522,0.7230355319515488,0.46965805467254607,-0.08493625121005138,0.18423371250963405,0.1491400678018995,0.33100494744382575,137,0.8336174916763845,False,SomMot,0.6945923165829467,False
offset,7Networks_RH_SomMot_6,NCBP_trans_vs_NCBP_nontrans,Transitioners − Non-transitioners,NCBP_trans,NCBP_nontrans,-0.09025980179811147,0.07535330397375586,-1.1978214230599264,0.23098654523460105,-0.2379495637027719,0.057429960106548966,-0.2918443999968218,0.30751314359853077,137,0.49234334726669127,False,SomMot,0.6945923165829467,False
offset,7Networks_RH_SomMot_6,NCBP_trans_vs_HC,Transitioners − HC,NCBP_trans,HC,-0.053154289800724924,0.06640534440162302,-0.8004519859010892,0.4234489715201363,-0.18330637320888454,0.0769977936074347,-0.17186811299284652,0.30751314359853077,137,0.9439711193443103,False,SomMot,0.6945923165829467,False
offset,7Networks_RH_SomMot_6,NCBP_nontrans_vs_HC,Non-transitioners − HC,NCBP_nontrans,HC,0.03710551199738654,0.06505286177584624,0.5703901563199731,0.5684131045337076,-0.09039575417453444,0.16460677816930752,0.11997628700397532,0.30751314359853077,137,0.8336174916763845,False,SomMot,0.6945923165829467,False
offset,7Networks_RH_SomMot_7,NCBP_trans_vs_NCBP_nontrans,Transitioners − Non-transitioners,NCBP_trans,NCBP_nontrans,-0.06716988184219647,0.06664061045934017,-1.0079421748871769,0.31348222314299934,-0.19778307825026642,0.06344331456587349,-0.2384341739611014,0.28010880105302705,137,0.5461312642715965,False,SomMot,0.6945923165829467,False
offset,7Networks_RH_SomMot_7,NCBP_trans_vs_HC,Transitioners − HC,NCBP_trans,HC,-0.03148175325732985,0.059455515104439915,-0.5295009756795281,0.5964579677819448,-0.14801242154430927,0.08504891502964958,-0.11175136276692307,0.28010880105302705,137,0.9439711193443103,False,SomMot,0.6945923165829467,False
offset,7Networks_RH_SomMot_7,NCBP_nontrans_vs_HC,Non-transitioners − HC,NCBP_nontrans,HC,0.03568812858486661,0.05981237112143044,0.5966680122480507,0.5507290531601879,-0.08154196464308065,0.1529182218128139,0.12668281119417832,0.28010880105302705,137,0.8336174916763845,False,SomMot,0.6945923165829467,False
offset,7Networks_RH_SomMot_8,NCBP_trans_vs_NCBP_nontrans,Transitioners − Non-transitioners,NCBP_trans,NCBP_nontrans,-0.1377641137940514,0.06422626051706314,-2.1449810822700988,0.031954359568373614,-0.263645271269182,-0.011882956318920779,-0.44252612529037827,0.309540770643238,137,0.4904337468128581,False,SomMot,0.6945923165829467,False
offset,7Networks_RH_SomMot_8,NCBP_trans_vs_HC,Transitioners − HC,NCBP_trans,HC,-0.04870074995484133,0.05738041952535762,-0.8487346442860956,0.39602896404655175,-0.1611643056423412,0.06376280573265851,-0.1564366334796695,0.309540770643238,137,0.9439711193443103,False,SomMot,0.6945923165829467,False
offset,7Networks_RH_SomMot_8,NCBP_nontrans_vs_HC,Non-transitioners − HC,NCBP_nontrans,HC,0.08906336383921007,0.06736105518733877,1.3221788701426174,0.18610859542607017,-0.04296187828858891,0.22108860596700905,0.28608949181070875,0.309540770643238,137,0.8336174916763845,False,SomMot,0.6945923165829467,False
offset,7Networks_RH_Vis_1,NCBP_trans_vs_NCBP_nontrans,Transitioners − Non-transitioners,NCBP_trans,NCBP_nontrans,-0.12578465644951728,0.10349621718481337,-1.2153551102732905,0.2242306811703798,-0.32863351466788693,0.07706420176885237,-0.27953603791603565,0.4474149941250715,137,0.49234334726669127,False,Vis,0.6945923165829467,False
offset,7Networks_RH_Vis_1,NCBP_trans_vs_HC,Transitioners − HC,NCBP_trans,HC,-0.08598218833474458,0.09440214747478957,-0.9108075465942809,0.36239678551375376,-0.27100699744857093,0.0990426207790818,-0.19108149544528266,0.4474149941250715,137,0.9439711193443103,False,Vis,0.6945923165829467,False
offset,7Networks_RH_Vis_1,NCBP_nontrans_vs_HC,Non-transitioners − HC,NCBP_nontrans,HC,0.0398024681147727,0.09280348629587513,0.42888979394453863,0.6680034279069167,-0.14208902266489903,0.22169395889444443,0.088454542470753,0.4474149941250715,137,0.8336174916763845,False,Vis,0.6945923165829467,False
offset,7Networks_RH_Vis_2,NCBP_trans_vs_NCBP_nontrans,Transitioners − Non-transitioners,NCBP_trans,NCBP_nontrans,-0.1903348172725445,0.10672514224316033,-1.7834112306816106,0.07451938640492427,-0.3995122523140531,0.018842617768964065,-0.40388729145241586,0.46857457852513007,137,0.4904337468128581,False,Vis,0.6945923165829467,False
offset,7Networks_RH_Vis_2,NCBP_trans_vs_HC,Transitioners − HC,NCBP_trans,HC,-0.12571420993875337,0.0929630426286548,-1.3523030914653325,0.17627837585091766,-0.3079184253841786,0.0564900055066718,-0.26676344599915514,0.46857457852513007,137,0.9439711193443103,False,Vis,0.6945923165829467,False
offset,7Networks_RH_Vis_2,NCBP_nontrans_vs_HC,Non-transitioners − HC,NCBP_nontrans,HC,0.06462060733379113,0.10249245672638348,0.6304913492931873,0.5283731608810931,-0.1362609165369505,0.26550213120453275,0.13712384545326078,0.46857457852513007,137,0.8336174916763845,False,Vis,0.6945923165829467,False
offset,7Networks_RH_Vis_3,NCBP_trans_vs_NCBP_nontrans,Transitioners − Non-transitioners,NCBP_trans,NCBP_nontrans,-0.11898946610974678,0.09715504185836378,-1.224737942918228,0.22067397323082272,-0.30940984906862123,0.07143091684912764,-0.28039408686693185,0.42194936434688707,137,0.49234334726669127,False,Vis,0.6945923165829467,False
offset,7Networks_RH_Vis_3,NCBP_trans_vs_HC,Transitioners − HC,NCBP_trans,HC,-0.019706741842095865,0.08876536636381119,-0.22200935623164533,0.8243065998553898,-0.19368366298966894,0.1542701793054772,-0.04643817696299593,0.42194936434688707,137,0.9931404817534817,False,Vis,0.6945923165829467,False
offset,7Networks_RH_Vis_3,NCBP_nontrans_vs_HC,Non-transitioners − HC,NCBP_nontrans,HC,0.09928272426765092,0.08876665178269745,1.1184687297961518,0.2633668545760991,-0.07469671625464427,0.27326216478994614,0.23395590990393592,0.42194936434688707,137,0.8336174916763845,False,Vis,0.6945923165829467,False
offset,7Networks_RH_Vis_4,NCBP_trans_vs_NCBP_nontrans,Transitioners − Non-transitioners,NCBP_trans,NCBP_nontrans,-0.10638585225578184,0.10509893837194093,-1.0122447848073077,0.31142102787702874,-0.31237598627818075,0.09960428176661706,-0.24496876297477654,0.4318111375061174,137,0.5461312642715965,False,Vis,0.6945923165829467,False
offset,7Networks_RH_Vis_4,NCBP_trans_vs_HC,Transitioners − HC,NCBP_trans,HC,-0.07769277998784566,0.08791722877580345,-0.8837036957337336,0.37685618478088656,-0.25000738200898887,0.09462182203329758,-0.17889882726074285,0.4318111375061174,137,0.9439711193443103,False,Vis,0.6945923165829467,False
offset,7Networks_RH_Vis_4,NCBP_nontrans_vs_HC,Non-transitioners − HC,NCBP_nontrans,HC,0.028693072267936187,0.09392560611598756,0.30548721966727016,0.7599951022948694,-0.15539773294549447,0.21278387748136685,0.06606993571403372,0.4318111375061174,137,0.8649101110390134,False,Vis,0.6945923165829467,False
offset,7Networks_RH_Vis_5,NCBP_trans_vs_NCBP_nontrans,Transitioners − Non-transitioners,NCBP_trans,NCBP_nontrans,-0.1199523877982605,0.09599505885582994,-1.2495683551630594,0.2114572689441716,-0.30809924584949,0.06819447025296896,-0.29261188138562616,0.4076032262128836,137,0.49234334726669127,False,Vis,0.6945923165829467,False
offset,7Networks_RH_Vis_5,NCBP_trans_vs_HC,Transitioners − HC,NCBP_trans,HC,-0.06853672337641578,0.08301302324505155,-0.8256141108618315,0.4090230279543803,-0.23123925918450317,0.0941658124316716,-0.1671884981973662,0.4076032262128836,137,0.9439711193443103,False,Vis,0.6945923165829467,False
offset,7Networks_RH_Vis_5,NCBP_nontrans_vs_HC,Non-transitioners − HC,NCBP_nontrans,HC,0.051415664421844726,0.0881997223412401,0.5829458762117211,0.5599297360935251,-0.12145261481341865,0.2242839436571081,0.12542338318826,0.4076032262128836,137,0.8336174916763845,False,Vis,0.6945923165829467,False
offset,7Networks_RH_Vis_6,NCBP_trans_vs_NCBP_nontrans,Transitioners − Non-transitioners,NCBP_trans,NCBP_nontrans,-0.143367589542576,0.10026625499126136,-1.42986879838158,0.1527546786646371,-0.3398858381901577,0.053150659105005715,-0.32900118262098704,0.4332855405598214,137,0.4904337468128581,False,Vis,0.6945923165829467,False
offset,7Networks_RH_Vis_6,NCBP_trans_vs_HC,Transitioners − HC,NCBP_trans,HC,-0.09837907274853719,0.08894720392145626,-1.106038958070111,0.2687096575012773,-0.27271238896013134,0.07595424346305696,-0.2257611457561184,0.4332855405598214,137,0.9439711193443103,False,Vis,0.6945923165829467,False
offset,7Networks_RH_Vis_6,NCBP_nontrans_vs_HC,Non-transitioners − HC,NCBP_nontrans,HC,0.04498851679403881,0.09343638165674978,0.4814882168629962,0.6301695522905916,-0.1381434260989297,0.22812045968700734,0.10324003686486866,0.4332855405598214,137,0.8336174916763845,False,Vis,0.6945923165829467,False
offset,7Networks_RH_Vis_7,NCBP_trans_vs_NCBP_nontrans,Transitioners − Non-transitioners,NCBP_trans,NCBP_nontrans,-0.08669186407241333,0.09342567852928982,-0.9279233015710411,0.3534473563499294,-0.2698028292210384,0.09641910107621171,-0.2168837801164249,0.3974403339596114,137,0.5588442926611349,False,Vis,0.6945923165829467,False
offset,7Networks_RH_Vis_7,NCBP_trans_vs_HC,Transitioners − HC,NCBP_trans,HC,-0.028840737474860517,0.07949806794675011,-0.3627853886232656,0.716765207553699,-0.1846540874910088,0.12697261254128778,-0.07215311646394333,0.3974403339596114,137,0.9439711193443103,False,Vis,0.6945923165829467,False
offset,7Networks_RH_Vis_7,NCBP_nontrans_vs_HC,Non-transitioners − HC,NCBP_nontrans,HC,0.057851126597552816,0.08807217132944314,0.6568604557409473,0.511270647058899,-0.11476715724839687,0.2304694104435025,0.14473066365248158,0.3974403339596114,137,0.8336174916763845,False,Vis,0.6945923165829467,False
offset,7Networks_RH_Vis_8,NCBP_trans_vs_NCBP_nontrans,Transitioners − Non-transitioners,NCBP_trans,NCBP_nontrans,-0.023201747608913748,0.08303597124180744,-0.27941803126922415,0.7799240349774541,-0.18594926066415998,0.1395457654463325,-0.06598128910365002,0.349639566954206,137,0.8477435162798413,False,Vis,0.6945923165829467,False
offset,7Networks_RH_Vis_8,NCBP_trans_vs_HC,Transitioners − HC,NCBP_trans,HC,-0.013932463663093947,0.06997625658599754,-0.1991027291660222,0.8421823864049746,-0.1510834063445829,0.123218479018395,-0.039621235795510794,0.349639566954206,137,0.9976337906682462,False,Vis,0.6945923165829467,False
offset,7Networks_RH_Vis_8,NCBP_nontrans_vs_HC,Non-transitioners − HC,NCBP_nontrans,HC,0.0092692839458198,0.07720313726110772,0.12006356573917815,0.9044327938880411,-0.1420460845794536,0.16058465247109321,0.026360053308139217,0.349639566954206,137,0.9324049421526197,False,Vis,0.6945923165829467,False
alpha_pw,7Networks_LH_Cont_Cing_1,NCBP_trans_vs_NCBP_nontrans,Transitioners − Non-transitioners,NCBP_trans,NCBP_nontrans,0.049764264675965626,0.05800893654099266,0.8578723838662196,0.39096293491441636,-0.06393116172584948,0.16345969107778074,0.22300738083882013,0.22186086299365804,135,0.9985617298206549,False,Cont,0.7344557241488306,False
alpha_pw,7Networks_LH_Cont_Cing_1,NCBP_trans_vs_HC,Transitioners − HC,NCBP_trans,HC,0.06519008039515886,0.05294287893112282,1.2313285886845953,0.2181999935731408,-0.03857605554770631,0.16895621633802405,0.2921347111277175,0.22186086299365804,135,0.9889527198561104,False,Cont,0.7344557241488306,False
alpha_pw,7Networks_LH_Cont_Cing_1,NCBP_nontrans_vs_HC,Non-transitioners − HC,NCBP_nontrans,HC,0.015425815719193235,0.047732206839356695,0.3231741572542204,0.746563351216527,-0.07812759058856233,0.10897922202694879,0.06912733028889737,0.22186086299365804,135,0.996351979586235,False,Cont,0.7344557241488306,False
alpha_pw,7Networks_LH_Cont_PFCl_1,NCBP_trans_vs_NCBP_nontrans,Transitioners − Non-transitioners,NCBP_trans,NCBP_nontrans,0.054513096600698474,0.05718495603458888,0.9532768822577339,0.34044980134505987,-0.057567357684602166,0.16659355088599911,0.33912592643067035,0.15941740494512419,96,0.9985617298206549,False,Cont,0.7344557241488306,False
alpha_pw,7Networks_LH_Cont_PFCl_1,NCBP_trans_vs_HC,Transitioners − HC,NCBP_trans,HC,0.0033674879889113423,0.05597408761167206,0.06016155211450259,0.9520269671892111,-0.1063397077974555,0.11307468377527818,0.02094913984337998,0.15941740494512419,96,0.9889527198561104,False,Cont,0.7344557241488306,False
alpha_pw,7Networks_LH_Cont_PFCl_1,NCBP_nontrans_vs_HC,Non-transitioners − HC,NCBP_nontrans,HC,-0.05114560861178713,0.03734916832641821,-1.3693908299320892,0.17087713916121305,-0.12434863338409094,0.02205741616051668,-0.31817678658729037,0.15941740494512419,96,0.996351979586235,False,Cont,0.7344557241488306,False
alpha_pw,7Networks_LH_Cont_Par_1,NCBP_trans_vs_NCBP_nontrans,Transitioners − Non-transitioners,NCBP_trans,NCBP_nontrans,-0.01730998600455088,0.07339843222199803,-0.23583590930383597,0.8135600023600992,-0.16116826968137124,0.12654829767226947,-0.060801880452164864,0.28303649503341505,134,0.9985617298206549,False,Cont,0.7344557241488306,False
alpha_pw,7Networks_LH_Cont_Par_1,NCBP_trans_vs_HC,Transitioners − HC,NCBP_trans,HC,-0.015917920882534804,0.06394627163682813,-0.24892648898966155,0.8034176448476891,-0.1412503102363331,0.10941446847126352,-0.05591220710937895,0.28303649503341505,134,0.9889527198561104,False,Cont,0.7344557241488306,False
alpha_pw,7Networks_LH_Cont_Par_1,NCBP_nontrans_vs_HC,Non-transitioners − HC,NCBP_nontrans,HC,0.0013920651220160757,0.06139302198115735,0.022674647331146627,0.9819097991343111,-0.11893604686312821,0.12172017710716036,0.004889673342785917,0.28303649503341505,134,0.996351979586235,False,Cont,0.7344557241488306,False
alpha_pw,7Networks_LH_Cont_pCun_1,NCBP_trans_vs_NCBP_nontrans,Transitioners − Non-transitioners,NCBP_trans,NCBP_nontrans,-0.04276196292265305,0.0814628177095508,-0.5249261457554468,0.5996345329314998,-0.20242615171252432,0.11690222586721821,-0.14334459079099185,0.2965914773038877,135,0.9985617298206549,False,Cont,0.7344557241488306,False
alpha_pw,7Networks_LH_Cont_pCun_1,NCBP_trans_vs_HC,Transitioners − HC,NCBP_trans,HC,-0.022174014459219835,0.06891656345231124,-0.3217515985770789,0.7476408846308232,-0.15724799676401924,0.11289996784557958,-0.074330662383288,0.2965914773038877,135,0.9889527198561104,False,Cont,0.7344557241488306,False
alpha_pw,7Networks_LH_Cont_pCun_1,NCBP_nontrans_vs_HC,Non-transitioners − HC,NCBP_nontrans,HC,0.020587948463433217,0.06485089721352498,0.31746590021177834,0.7508901099406549,-0.10651747444018468,0.14769337136705113,0.06901392840770385,0.2965914773038877,135,0.996351979586235,False,Cont,0.7344557241488306,False
alpha_pw,7Networks_LH_Default_PFC_1,NCBP_trans_vs_NCBP_nontrans,Transitioners − Non-transitioners,NCBP_trans,NCBP_nontrans,0.014605403905698144,0.05202056728000492,0.28076210370954574,0.7788928717678589,-0.08735303441845425,0.11656384222985054,0.08005343947193648,0.18113938268857754,110,0.9985617298206549,False,Default,0.7344557241488306,False
alpha_pw,7Networks_LH_Default_PFC_1,NCBP_trans_vs_HC,Transitioners − HC,NCBP_trans,HC,-0.020274593547498686,0.05183228942756049,-0.391157592524134,0.695680752306521,-0.12186401406177347,0.08131482696677608,-0.11112674170822374,0.18113938268857754,110,0.9889527198561104,False,Default,0.7344557241488306,False
alpha_pw,7Networks_LH_Default_PFC_1,NCBP_nontrans_vs_HC,Non-transitioners − HC,NCBP_nontrans,HC,-0.03487999745319683,0.04034718290012336,-0.8644964764836205,0.3873152151047867,-0.11395902281508893,0.04419902790869528,-0.19118018118016022,0.18113938268857754,110,0.996351979586235,False,Default,0.7344557241488306,False
alpha_pw,7Networks_LH_Default_PFC_2,NCBP_trans_vs_NCBP_nontrans,Transitioners − Non-transitioners,NCBP_trans,NCBP_nontrans,-0.0035731196308138174,0.057950981958449735,-0.061657620113766284,0.9508354899697373,-0.11715495713810574,0.1100087178764781,-0.020555122357963983,0.17242546254107521,98,0.9985617298206549,False,Default,0.7344557241488306,False
alpha_pw,7Networks_LH_Default_PFC_2,NCBP_trans_vs_HC,Transitioners − HC,NCBP_trans,HC,-0.016060596655996295,0.05609862535955745,-0.2862921605129861,0.7746543619662263,-0.12601188194293422,0.09389068863094165,-0.09239196095170225,0.17242546254107521,98,0.9889527198561104,False,Default,0.7344557241488306,False
alpha_pw,7Networks_LH_Default_PFC_2,NCBP_nontrans_vs_HC,Non-transitioners − HC,NCBP_nontrans,HC,-0.012487477025182478,0.04252966174700363,-0.2936180658916777,0.7690497693942746,-0.09584408232398042,0.07086912827361547,-0.07183683859373828,0.17242546254107521,98,0.996351979586235,False,Default,0.7344557241488306,False
alpha_pw,7Networks_LH_Default_PFC_3,NCBP_trans_vs_NCBP_nontrans,Transitioners − Non-transitioners,NCBP_trans,NCBP_nontrans,0.030671580946045815,0.04270323557473045,0.7182495783573754,0.47260341345026236,-0.05302522280375546,0.11436838469584709,0.20969598073277923,0.14508414832256342,98,0.9985617298206549,False,Default,0.7344557241488306,False
alpha_pw,7Networks_LH_Default_PFC_3,NCBP_trans_vs_HC,Transitioners − HC,NCBP_trans,HC,0.03822437496807186,0.040881839995048345,0.9349964427408756,0.3497901326724142,-0.041902559043952035,0.11835130898009574,0.26133304999593393,0.14508414832256342,98,0.9889527198561104,False,Default,0.7344557241488306,False
alpha_pw,7Networks_LH_Default_PFC_3,NCBP_nontrans_vs_HC,Non-transitioners − HC,NCBP_nontrans,HC,0.007552794022026044,0.03533564442755663,0.21374434071834758,0.8307464314116183,-0.061703796426498404,0.0768093844705505,0.0516370692631547,0.14508414832256342,98,0.996351979586235,False,Default,0.7344557241488306,False
alpha_pw,7Networks_LH_Default_PFC_4,NCBP_trans_vs_NCBP_nontrans,Transitioners − Non-transitioners,NCBP_trans,NCBP_nontrans,-0.006614736981088557,0.052408206268480514,-0.1262156721640521,0.8995612059821199,-0.10933293376165666,0.09610345979947955,-0.0503280565579135,0.12988613097934285,69,0.9985617298206549,False,Default,0.7344557241488306,False
alpha_pw,7Networks_LH_Default_PFC_4,NCBP_trans_vs_HC,Transitioners − HC,NCBP_trans,HC,-0.029364774076432634,0.05135563351321847,-0.5717926557925609,0.5674624533974131,-0.13001996616557904,0.07129041801271378,-0.22342112993370253,0.12988613097934285,69,0.9889527198561104,False,Default,0.7344557241488306,False
alpha_pw,7Networks_LH_Default_PFC_4,NCBP_nontrans_vs_HC,Non-transitioners − HC,NCBP_nontrans,HC,-0.022750037095344077,0.03673810514316066,-0.6192490605242696,0.5357522964618864,-0.0947554000361847,0.049255325845496536,-0.17309307337578902,0.12988613097934285,69,0.996351979586235,False,Default,0.7344557241488306,False
alpha_pw,7Networks_LH_Default_PFC_5,NCBP_trans_vs_NCBP_nontrans,Transitioners − Non-transitioners,NCBP_trans,NCBP_nontrans,0.05144419174887837,0.06205910995982234,0.8289547140167468,0.4071300331509702,-0.07018942868498437,0.17307781218274113,0.2776470584498644,0.1835864099246932,87,0.9985617298206549,False,Default,0.7344557241488306,False
alpha_pw,7Networks_LH_Default_PFC_5,NCBP_trans_vs_HC,Transitioners − HC,NCBP_trans,HC,0.029191667282797207,0.06272290252869979,0.4654068307734982,0.6416401434335401,-0.09374296267927067,0.1521262972448651,0.15754899196161445,0.1835864099246932,87,0.9889527198561104,False,Default,0.7344557241488306,False
alpha_pw,7Networks_LH_Default_PFC_5,NCBP_nontrans_vs_HC,Non-transitioners − HC,NCBP_nontrans,HC,-0.022252524466081162,0.045991227007091434,-0.4838428090350802,0.6284974310763214,-0.11239367300478623,0.06788862407262392,-0.12009806648824996,0.1835864099246932,87,0.996351979586235,False,Default,0.7344557241488306,False
alpha_pw,7Networks_LH_Default_PFC_6,NCBP_trans_vs_NCBP_nontrans,Transitioners − Non-transitioners,NCBP_trans,NCBP_nontrans,0.04108574504596492,0.08930580009925683,0.4600568496144834,0.6454754154848878,-0.13395040675911207,0.21612189685104188,0.13361181127247293,0.30547336822229443,119,0.9985617298206549,False,Default,0.7344557241488306,False
alpha_pw,7Networks_LH_Default_PFC_6,NCBP_trans_vs_HC,Transitioners − HC,NCBP_trans,HC,-0.0006256994263430515,0.0891657888483028,-0.007017258910898552,0.9944010834061117,-0.17538743422211972,0.17413603536943362,-0.00203478928208101,0.30547336822229443,119,0.9950120453022812,False,Default,0.7344557241488306,False
alpha_pw,7Networks_LH_Default_PFC_6,NCBP_nontrans_vs_HC,Non-transitioners − HC,NCBP_nontrans,HC,-0.04171144447230797,0.0621412893696614,-0.6712355809706182,0.5020704652393451,-0.16350613358972604,0.08008324464511009,-0.13564660055455396,0.30547336822229443,119,0.996351979586235,False,Default,0.7344557241488306,False
alpha_pw,7Networks_LH_Default_PFC_7,NCBP_trans_vs_NCBP_nontrans,Transitioners − Non-transitioners,NCBP_trans,NCBP_nontrans,0.0650451870813641,0.08301989628338782,0.7834891392700952,0.4333399289823421,-0.09767081963432671,0.2277611937970549,0.2587243001122331,0.24972003856459002,117,0.9985617298206549,False,Default,0.7344557241488306,False
alpha_pw,7Networks_LH_Default_PFC_7,NCBP_trans_vs_HC,Transitioners − HC,NCBP_trans,HC,0.10871356798277429,0.08125040186198822,1.338006526631523,0.1808943092348303,-0.05053429339612875,0.26796142936167733,0.43242003061446316,0.24972003856459002,117,0.9889527198561104,False,Default,0.7344557241488306,False
alpha_pw,7Networks_LH_Default_PFC_7,NCBP_nontrans_vs_HC,Non-transitioners − HC,NCBP_nontrans,HC,0.04366838090141019,0.05094605515670444,0.8571494057212294,0.39136231963635515,-0.05618405236012161,0.143520814162942,0.17369573050223008,0.24972003856459002,117,0.996351979586235,False,Default,0.7344557241488306,False
alpha_pw,7Networks_LH_Default_Par_1,NCBP_trans_vs_NCBP_nontrans,Transitioners − Non-transitioners,NCBP_trans,NCBP_nontrans,0.03301432701108832,0.05827766330866103,0.566500527590334,0.5710535743923892,-0.08120779417703866,0.1472364481992153,0.1483147648269948,0.22129968369196795,134,0.9985617298206549,False,Default,0.7344557241488306,False
alpha_pw,7Networks_LH_Default_Par_1,NCBP_trans_vs_HC,Transitioners − HC,NCBP_trans,HC,-0.027279043160554513,0.05287492569276151,-0.5159164349291742,0.6059127748861037,-0.13091199320359864,0.07635390688248961,-0.12254936681593469,0.22129968369196795,134,0.9889527198561104,False,Default,0.7344557241488306,False
alpha_pw,7Networks_LH_Default_Par_1,NCBP_nontrans_vs_HC,Non-transitioners − HC,NCBP_nontrans,HC,-0.06029337017164284,0.04438977746455495,-1.3582715123946463,0.17437754620719337,-0.14729573528391826,0.02670899494063257,-0.2708641316429295,0.22129968369196795,134,0.996351979586235,False,Default,0.7344557241488306,False
alpha_pw,7Networks_LH_Default_Par_2,NCBP_trans_vs_NCBP_nontrans,Transitioners − Non-transitioners,NCBP_trans,NCBP_nontrans,-0.009559507703767418,0.06687900369192916,-0.14293735217411802,0.8863396586724208,-0.14063994626186987,0.12152093085433503,-0.0365041472049152,0.2603724173637776,136,0.9985617298206549,False,Default,0.7344557241488306,False
alpha_pw,7Networks_LH_Default_Par_2,NCBP_trans_vs_HC,Transitioners − HC,NCBP_trans,HC,-0.008797105250675136,0.05716571929113335,-0.1538877732977219,0.8776982247611008,-0.12083985621162309,0.10324564571027282,-0.03359282036262384,0.2603724173637776,136,0.9889527198561104,False,Default,0.7344557241488306,False
alpha_pw,7Networks_LH_Default_Par_2,NCBP_nontrans_vs_HC,Non-transitioners − HC,NCBP_nontrans,HC,0.0007624024530922813,0.05612449605280325,0.013584130045016261,0.9891617656935158,-0.10923958846086251,0.11076439336704708,0.0029113268422913566,0.2603724173637776,136,0.996351979586235,False,Default,0.7344557241488306,False
alpha_pw,7Networks_LH_Default_Temp_1,NCBP_trans_vs_NCBP_nontrans,Transitioners − Non-transitioners,NCBP_trans,NCBP_nontrans,0.06357139004776582,0.048896043059250306,1.3001336318919,0.19355517253106658,-0.03226309333488446,0.15940587343041612,0.33485329121303153,0.18861836526745387,121,0.9985617298206549,False,Default,0.7344557241488306,False
alpha_pw,7Networks_LH_Default_Temp_1,NCBP_trans_vs_HC,Transitioners − HC,NCBP_trans,HC,0.020623376861360367,0.04653397707691432,0.4431896467235701,0.6576285668878321,-0.07058154226680416,0.1118282959895249,0.10863071599919968,0.18861836526745387,121,0.9889527198561104,False,Default,0.7344557241488306,False
alpha_pw,7Networks_LH_Default_Temp_1,NCBP_nontrans_vs_HC,Non-transitioners − HC,NCBP_nontrans,HC,-0.042948013186405454,0.04113734150616791,-1.0440152818325916,0.2964783193710203,-0.12357572095821925,0.037679694585408346,-0.2262225752138318,0.18861836526745387,121,0.996351979586235,False,Default,0.7344557241488306,False
alpha_pw,7Networks_LH_Default_Temp_2,NCBP_trans_vs_NCBP_nontrans,Transitioners − Non-transitioners,NCBP_trans,NCBP_nontrans,0.059202564065125106,0.04684328341773597,1.2638431754916142,0.2062863209065069,-0.03260858435123972,0.15101371248148993,0.2905303494732735,0.2025683483390016,132,0.9985617298206549,False,Default,0.7344557241488306,False
alpha_pw,7Networks_LH_Default_Temp_2,NCBP_trans_vs_HC,Transitioners − HC,NCBP_trans,HC,-0.020469778002415166,0.04300582796426062,-0.47597683782361505,0.6340908793287032,-0.10475965193769149,0.06382009593286117,-0.10045328020151248,0.2025683483390016,132,0.9889527198561104,False,Default,0.7344557241488306,False
alpha_pw,7Networks_LH_Default_Temp_2,NCBP_nontrans_vs_HC,Non-transitioners − HC,NCBP_nontrans,HC,-0.07967234206754027,0.04396283942134858,-1.8122656115075901,0.06994516538628424,-0.1658379239915012,0.0064932398564206545,-0.390983629674786,0.2025683483390016,132,0.996351979586235,False,Default,0.7344557241488306,False
alpha_pw,7Networks_LH_Default_pCunPCC_1,NCBP_trans_vs_NCBP_nontrans,Transitioners − Non-transitioners,NCBP_trans,NCBP_nontrans,0.0017095283598860117,0.06350025921457587,0.02692159655772879,0.9785222681968234,-0.12274869270964041,0.12616774942941245,0.006902333834948261,0.24626405213651092,137,0.9985617298206549,False,Default,0.7344557241488306,False
alpha_pw,7Networks_LH_Default_pCunPCC_1,NCBP_trans_vs_HC,Transitioners − HC,NCBP_trans,HC,-0.037951318540711786,0.05598874784879156,-0.677838315713126,0.49787421415316346,-0.1476872478638377,0.0717846107824141,-0.15323095901253184,0.24626405213651092,137,0.9889527198561104,False,Default,0.7344557241488306,False
alpha_pw,7Networks_LH_Default_pCunPCC_1,NCBP_nontrans_vs_HC,Non-transitioners − HC,NCBP_nontrans,HC,-0.0396608469005978,0.05284045085026466,-0.750577375143633,0.4529070415167419,-0.1432262274939754,0.06390453369277982,-0.1601332928474801,0.24626405213651092,137,0.996351979586235,False,Default,0.7344557241488306,False
alpha_pw,7Networks_LH_Default_pCunPCC_2,NCBP_trans_vs_NCBP_nontrans,Transitioners − Non-transitioners,NCBP_trans,NCBP_nontrans,-0.039757356463808805,0.06927888123873387,-0.5738741121815408,0.5660529924579217,-0.17554146858095482,0.09602675565333722,-0.15228591606424868,0.25957293895232636,136,0.9985617298206549,False,Default,0.7344557241488306,False
alpha_pw,7Networks_LH_Default_pCunPCC_2,NCBP_trans_vs_HC,Transitioners − HC,NCBP_trans,HC,0.0003975333963263661,0.06358993065372225,0.006251514858399935,0.9950120453022812,-0.12423644046436881,0.12503150725702156,0.001522705300610246,0.25957293895232636,136,0.9950120453022812,False,Default,0.7344557241488306,False
alpha_pw,7Networks_LH_Default_pCunPCC_2,NCBP_nontrans_vs_HC,Non-transitioners − HC,NCBP_nontrans,HC,0.04015488986013517,0.05482616831061433,0.7324037243062488,0.4639221862865278,-0.06730242543900013,0.14761220515927048,0.15380862136485893,0.25957293895232636,136,0.996351979586235,False,Default,0.7344557241488306,False
alpha_pw,7Networks_LH_DorsAttn_FEF_1,NCBP_trans_vs_NCBP_nontrans,Transitioners − Non-transitioners,NCBP_trans,NCBP_nontrans,0.02620191073141418,0.08542098674459586,0.30673856308586644,0.7590423746981443,-0.14122014681186706,0.1936239682746954,0.07821366253456048,0.3329405862509861,127,0.9985617298206549,False,DorsAttn,0.7344557241488306,False
alpha_pw,7Networks_LH_DorsAttn_FEF_1,NCBP_trans_vs_HC,Transitioners − HC,NCBP_trans,HC,0.011433879553618097,0.08190484866773477,0.13959954434446453,0.88897640065692,-0.14909667399434548,0.1719644331015817,0.034130548952497335,0.3329405862509861,127,0.9889527198561104,False,DorsAttn,0.7344557241488306,False
alpha_pw,7Networks_LH_DorsAttn_FEF_1,NCBP_nontrans_vs_HC,Non-transitioners − HC,NCBP_nontrans,HC,-0.014768031177796084,0.07130038094484727,-0.2071241553284203,0.8359128978973518,-0.1545142099136827,0.12497814755809052,-0.04408311358206315,0.3329405862509861,127,0.996351979586235,False,DorsAttn,0.7344557241488306,False
alpha_pw,7Networks_LH_DorsAttn_Post_1,NCBP_trans_vs_NCBP_nontrans,Transitioners − Non-transitioners,NCBP_trans,NCBP_nontrans,-0.00011636490781666287,0.06455373574283053,-0.00180260532527874,0.9985617298206549,-0.1266393620312805,0.12640663221564719,-0.0004667833995272274,0.24786104819272767,136,0.9985617298206549,False,DorsAttn,0.7344557241488306,False
alpha_pw,7Networks_LH_DorsAttn_Post_1,NCBP_trans_vs_HC,Transitioners − HC,NCBP_trans,HC,-0.05452191729889691,0.05292225948069473,-1.0302265593702724,0.3029036647806337,-0.158247639861542,0.04920380526374819,-0.21870791102777074,0.24786104819272767,136,0.9889527198561104,False,DorsAttn,0.7344557241488306,False
alpha_pw,7Networks_LH_DorsAttn_Post_1,NCBP_nontrans_vs_HC,Non-transitioners − HC,NCBP_nontrans,HC,-0.05440555239108025,0.054297390358138166,-1.0019920300446974,0.31634744214020516,-0.16082648194754345,0.052015377165382945,-0.21824112762824352,0.24786104819272767,136,0.996351979586235,False,DorsAttn,0.7344557241488306,False
alpha_pw,7Networks_LH_DorsAttn_Post_2,NCBP_trans_vs_NCBP_nontrans,Transitioners − Non-transitioners,NCBP_trans,NCBP_nontrans,-0.03783118537363153,0.08918312722048086,-0.42419666760624225,0.6714223909105113,-0.21262690275442775,0.13696453200716469,-0.11222111306296793,0.3351022907798397,131,0.9985617298206549,False,DorsAttn,0.7344557241488306,False
alpha_pw,7Networks_LH_DorsAttn_Post_2,NCBP_trans_vs_HC,Transitioners − HC,NCBP_trans,HC,-0.11419547737586927,0.08512391027313641,-1.34152057875926,0.17975149289221581,-0.28103527573443576,0.052644320982697224,-0.3387454939968448,0.3351022907798397,131,0.9889527198561104,False,DorsAttn,0.7344557241488306,False
alpha_pw,7Networks_LH_DorsAttn_Post_2,NCBP_nontrans_vs_HC,Non-transitioners − HC,NCBP_nontrans,HC,-0.07636429200223774,0.06960492799225981,-1.0971104231402924,0.2725931243668136,-0.21278744401357083,0.060058860009095355,-0.22652438093387686,0.3351022907798397,131,0.996351979586235,False,DorsAttn,0.7344557241488306,False
alpha_pw,7Networks_LH_DorsAttn_Post_3,NCBP_trans_vs_NCBP_nontrans,Transitioners − Non-transitioners,NCBP_trans,NCBP_nontrans,-0.015441765325740549,0.07908653146974318,-0.19525151803690163,0.8451960495248255,-0.17044851866863076,0.13956498801714967,-0.057432514594592386,0.26730177849747644,134,0.9985617298206549,False,DorsAttn,0.7344557241488306,False
alpha_pw,7Networks_LH_DorsAttn_Post_3,NCBP_trans_vs_HC,Transitioners − HC,NCBP_trans,HC,0.002609197697655004,0.06751761220020226,0.03864469747416789,0.9691736654589882,-0.1297228905368836,0.1349412859321936,0.009704381700513978,0.26730177849747644,134,0.9889527198561104,False,DorsAttn,0.7344557241488306,False
alpha_pw,7Networks_LH_DorsAttn_Post_3,NCBP_nontrans_vs_HC,Non-transitioners − HC,NCBP_nontrans,HC,0.018050963023395553,0.05842932809779797,0.3089366866102272,0.7573696890346818,-0.09646841568916269,0.13257034173595378,0.06713689629510637,0.26730177849747644,134,0.996351979586235,False,DorsAttn,0.7344557241488306,False
alpha_pw,7Networks_LH_DorsAttn_Post_4,NCBP_trans_vs_NCBP_nontrans,Transitioners − Non-transitioners,NCBP_trans,NCBP_nontrans,-0.019591807002534184,0.08686824867753072,-0.22553472990185638,0.8215633106834109,-0.18985044581056357,0.1506668318054952,-0.05982508277132832,0.3255771504053197,134,0.9985617298206549,False,DorsAttn,0.7344557241488306,False
alpha_pw,7Networks_LH_DorsAttn_Post_4,NCBP_trans_vs_HC,Transitioners − HC,NCBP_trans,HC,-0.06436901259762588,0.07898657027895517,-0.8149361640883409,0.41510885119798013,-0.21917984560671988,0.0904418204114681,-0.19655570851956305,0.3255771504053197,134,0.9889527198561104,False,DorsAttn,0.7344557241488306,False
alpha_pw,7Networks_LH_DorsAttn_Post_4,NCBP_nontrans_vs_HC,Non-transitioners − HC,NCBP_nontrans,HC,-0.0447772055950917,0.06892943271228724,-0.6496093734296727,0.5159445768117015,-0.17987641118595177,0.09032199999576836,-0.13673062574823472,0.3255771504053197,134,0.996351979586235,False,DorsAttn,0.7344557241488306,False
alpha_pw,7Networks_LH_DorsAttn_Post_5,NCBP_trans_vs_NCBP_nontrans,Transitioners − Non-transitioners,NCBP_trans,NCBP_nontrans,-0.010495834364051243,0.08250748909723749,-0.1272106869193607,0.8987736471634106,-0.1722075414494679,0.1512158727213654,-0.036031760350210204,0.2896101855648688,135,0.9985617298206549,False,DorsAttn,0.7344557241488306,False
alpha_pw,7Networks_LH_DorsAttn_Post_5,NCBP_trans_vs_HC,Transitioners − HC,NCBP_trans,HC,-0.01829761256623086,0.07474356603015928,-0.24480518575803184,0.8066072784233663,-0.16479231006143447,0.12819708492897275,-0.06281493858416287,0.2896101855648688,135,0.9889527198561104,False,DorsAttn,0.7344557241488306,False
alpha_pw,7Networks_LH_DorsAttn_Post_5,NCBP_nontrans_vs_HC,Non-transitioners − HC,NCBP_nontrans,HC,-0.007801778202179616,0.05880493572029754,-0.13267216614755514,0.8944526564302948,-0.12305733432715574,0.1074537779227965,-0.02678317823395267,0.2896101855648688,135,0.996351979586235,False,DorsAttn,0.7344557241488306,False
alpha_pw,7Networks_LH_DorsAttn_Post_6,NCBP_trans_vs_NCBP_nontrans,Transitioners − Non-transitioners,NCBP_trans,NCBP_nontrans,-0.017153512716591837,0.08075303648369,-0.21241941434680783,0.8317798409051367,-0.17542655586687328,0.14111953043368958,-0.06010107731349001,0.283722245982408,132,0.9985617298206549,False,DorsAttn,0.7344557241488306,False
alpha_pw,7Networks_LH_DorsAttn_Post_6,NCBP_trans_vs_HC,Transitioners − HC,NCBP_trans,HC,-0.018108826353708113,0.07200714339195315,-0.2514865262066734,0.801437978064085,-0.15924023403154763,0.12302258132413141,-0.06344822723616568,0.283722245982408,132,0.9889527198561104,False,DorsAttn,0.7344557241488306,False
alpha_pw,7Networks_LH_DorsAttn_Post_6,NCBP_nontrans_vs_HC,Non-transitioners − HC,NCBP_nontrans,HC,-0.0009553136371162757,0.05943224291055733,-0.016073996038715496,0.9871753589902543,-0.11744036926224459,0.11552974198801204,-0.003347149922675678,0.283722245982408,132,0.996351979586235,False,DorsAttn,0.7344557241488306,False
alpha_pw,7Networks_LH_DorsAttn_PrCv_1,NCBP_trans_vs_NCBP_nontrans,Transitioners − Non-transitioners,NCBP_trans,NCBP_nontrans,0.04716288052575737,0.07508432598671681,0.6281321688111173,0.529917361175618,-0.09999969421167243,0.19432545526318717,0.18750855420298912,0.24989414326402493,121,0.9985617298206549,False,DorsAttn,0.7344557241488306,False
alpha_pw,7Networks_LH_DorsAttn_PrCv_1,NCBP_trans_vs_HC,Transitioners − HC,NCBP_trans,HC,-0.03729846134647673,0.07085601617840924,-0.5263979455542981,0.5986117428226201,-0.1761737011441462,0.10157677845119277,-0.14828993655835687,0.24989414326402493,121,0.9889527198561104,False,DorsAttn,0.7344557241488306,False
alpha_pw,7Networks_LH_DorsAttn_PrCv_1,NCBP_nontrans_vs_HC,Non-transitioners − HC,NCBP_nontrans,HC,-0.0844613418722341,0.05323269240035021,-1.5866441854381659,0.11259325409852426,-0.18879550177701954,0.01987281803255135,-0.335798490761346,0.24989414326402493,121,0.996351979586235,False,DorsAttn,0.7344557241488306,False
alpha_pw,7Networks_LH_Limbic_OFC_1,NCBP_trans_vs_NCBP_nontrans,Transitioners − Non-transitioners,NCBP_trans,NCBP_nontrans,-0.00048294354134743867,0.05303537450580754,-0.009106064505956394,0.992734512130701,-0.10443036747932398,0.1034644803966291,-0.0028431813028905735,0.1686204131694755,108,0.9985617298206549,False,Limbic,0.7344557241488306,False
alpha_pw,7Networks_LH_Limbic_OFC_1,NCBP_trans_vs_HC,Transitioners − HC,NCBP_trans,HC,-0.03317930686673448,0.05285727292720226,-0.6277150717259045,0.5301906102171732,-0.13677765812505494,0.07041904439158599,-0.19533294650378621,0.1686204131694755,108,0.9889527198561104,False,Limbic,0.7344557241488306,False
alpha_pw,7Networks_LH_Limbic_OFC_1,NCBP_nontrans_vs_HC,Non-transitioners − HC,NCBP_nontrans,HC,-0.03269636332538704,0.03506040617001177,-0.9325722915712606,0.3510408452160253,-0.10141349670195601,0.03602077005118193,-0.1924897652008956,0.1686204131694755,108,0.996351979586235,False,Limbic,0.7344557241488306,False
alpha_pw,7Networks_LH_Limbic_TempPole_1,NCBP_trans_vs_NCBP_nontrans,Transitioners − Non-transitioners,NCBP_trans,NCBP_nontrans,0.030134005429797023,0.05192851982428832,0.5802977926534807,0.5617138157214943,-0.0716440231962823,0.13191203405587634,0.14692664195031716,0.2038216983434132,126,0.9985617298206549,False,Limbic,0.7344557241488306,False
alpha_pw,7Networks_LH_Limbic_TempPole_1,NCBP_trans_vs_HC,Transitioners − HC,NCBP_trans,HC,-0.009673045384806568,0.04913651626980414,-0.1968606266608881,0.8439366060612111,-0.10597884759938908,0.08663275682977595,-0.04716359659301407,0.2038216983434132,126,0.9889527198561104,False,Limbic,0.7344557241488306,False
alpha_pw,7Networks_LH_Limbic_TempPole_1,NCBP_nontrans_vs_HC,Non-transitioners − HC,NCBP_nontrans,HC,-0.03980705081460359,0.04393582287131591,-0.9060272054354116,0.3649214529168915,-0.12591968127351394,0.046305579644306774,-0.1940902385433312,0.2038216983434132,126,0.996351979586235,False,Limbic,0.7344557241488306,False
alpha_pw,7Networks_LH_Limbic_TempPole_2,NCBP_trans_vs_NCBP_nontrans,Transitioners − Non-transitioners,NCBP_trans,NCBP_nontrans,0.04809721499512692,0.045918387981566215,1.0474499891946423,0.29489208632817343,-0.04190117167687973,0.13809560166713356,0.2446703691748551,0.19537855013788138,128,0.9985617298206549,False,Limbic,0.7344557241488306,False
alpha_pw,7Networks_LH_Limbic_TempPole_2,NCBP_trans_vs_HC,Transitioners − HC,NCBP_trans,HC,-0.0293420125236439,0.040272628267068164,-0.7285844948847683,0.4662558658225716,-0.10827491348986723,0.049590888442579424,-0.1492627179602924,0.19537855013788138,128,0.9889527198561104,False,Limbic,0.7344557241488306,False
alpha_pw,7Networks_LH_Limbic_TempPole_2,NCBP_nontrans_vs_HC,Non-transitioners − HC,NCBP_nontrans,HC,-0.07743922751877082,0.04448210367828214,-1.7409074912205558,0.08169979539498108,-0.1646225486847805,0.009744093647238841,-0.39393308713514746,0.19537855013788138,128,0.996351979586235,False,Limbic,0.7344557241488306,False
alpha_pw,7Networks_LH_SalVentAttn_FrOperIns_1,NCBP_trans_vs_NCBP_nontrans,Transitioners − Non-transitioners,NCBP_trans,NCBP_nontrans,0.016155320391604604,0.053091286217101186,0.3042932568169883,0.7609044820183875,-0.08790168848682148,0.1202123292700307,0.07099581632082737,0.22617402251374075,129,0.9985617298206549,False,SalVentAttn,0.7344557241488306,False
alpha_pw,7Networks_LH_SalVentAttn_FrOperIns_1,NCBP_trans_vs_HC,Transitioners − HC,NCBP_trans,HC,-0.029865739124930492,0.05108110972272131,-0.5846728719686753,0.5587676982620869,-0.12998287447180304,0.07025139622194207,-0.13124732148928384,0.22617402251374075,129,0.9889527198561104,False,SalVentAttn,0.7344557241488306,False
alpha_pw,7Networks_LH_SalVentAttn_FrOperIns_1,NCBP_nontrans_vs_HC,Non-transitioners − HC,NCBP_nontrans,HC,-0.046021059516535096,0.05008972566157195,-0.9187724410285946,0.3582146101242958,-0.14419511780870786,0.05215299877563766,-0.20224313781011122,0.22617402251374075,129,0.996351979586235,False,SalVentAttn,0.7344557241488306,False
alpha_pw,7Networks_LH_SalVentAttn_FrOperIns_2,NCBP_trans_vs_NCBP_nontrans,Transitioners − Non-transitioners,NCBP_trans,NCBP_nontrans,0.02021934008027903,0.050350848481791985,0.4015690040971366,0.6880012450985714,-0.07846650953506651,0.11890518969562458,0.095399327452597,0.21053443349819673,118,0.9985617298206549,False,SalVentAttn,0.7344557241488306,False
alpha_pw,7Networks_LH_SalVentAttn_FrOperIns_2,NCBP_trans_vs_HC,Transitioners − HC,NCBP_trans,HC,-0.050297701637383015,0.052300344111200464,-0.9617088088453213,0.3361958962303476,-0.15280449247438743,0.052209089199621396,-0.2373157031617378,0.21053443349819673,118,0.9889527198561104,False,SalVentAttn,0.7344557241488306,False
alpha_pw,7Networks_LH_SalVentAttn_FrOperIns_2,NCBP_nontrans_vs_HC,Non-transitioners − HC,NCBP_nontrans,HC,-0.07051704171766204,0.046281966728495244,-1.5236396960253973,0.12759874121793274,-0.1612280296391938,0.020193946203869703,-0.33271503061433483,0.21053443349819673,118,0.996351979586235,False,SalVentAttn,0.7344557241488306,False
alpha_pw,7Networks_LH_SalVentAttn_Med_1,NCBP_trans_vs_NCBP_nontrans,Transitioners − Non-transitioners,NCBP_trans,NCBP_nontrans,0.050013919311798084,0.06323363185944053,0.7909385850708686,0.42897983079960067,-0.0739217217443699,0.17394956036796605,0.22723957146756185,0.21866726256739377,121,0.9985617298206549,False,SalVentAttn,0.7344557241488306,False
alpha_pw,7Networks_LH_SalVentAttn_Med_1,NCBP_trans_vs_HC,Transitioners − HC,NCBP_trans,HC,0.008875894601796608,0.06405638165737988,0.13856378353169163,0.8897948637209343,-0.1166723064266201,0.13442409563021332,0.04032786299208739,0.21866726256739377,121,0.9889527198561104,False,SalVentAttn,0.7344557241488306,False
alpha_pw,7Networks_LH_SalVentAttn_Med_1,NCBP_nontrans_vs_HC,Non-transitioners − HC,NCBP_nontrans,HC,-0.041138024710001476,0.045434360450277884,-0.9054386218338387,0.36523306265476285,-0.13018773485315716,0.04791168543315421,-0.18691170847547448,0.21866726256739377,121,0.996351979586235,False,SalVentAttn,0.7344557241488306,False
alpha_pw,7Networks_LH_SalVentAttn_Med_2,NCBP_trans_vs_NCBP_nontrans,Transitioners − Non-transitioners,NCBP_trans,NCBP_nontrans,0.020644112197404106,0.07371776051730242,0.280042584752133,0.779444833525462,-0.12384004343745741,0.16512826783226564,0.07944772079057313,0.2583432459088339,135,0.9985617298206549,False,SalVentAttn,0.7344557241488306,False
alpha_pw,7Networks_LH_SalVentAttn_Med_2,NCBP_trans_vs_HC,Transitioners − HC,NCBP_trans,HC,0.027648510960718894,0.06431443125980635,0.4298959101267522,0.6672713606904399,-0.09840545799467858,0.15370247991611635,0.10640376094054113,0.2583432459088339,135,0.9889527198561104,False,SalVentAttn,0.7344557241488306,False
alpha_pw,7Networks_LH_SalVentAttn_Med_2,NCBP_nontrans_vs_HC,Non-transitioners − HC,NCBP_nontrans,HC,0.007004398763314788,0.05663398646552149,0.12367836347842182,0.9015699435546148,-0.10399617501003619,0.11800497253666578,0.026956040149967993,0.2583432459088339,135,0.996351979586235,False,SalVentAttn,0.7344557241488306,False
alpha_pw,7Networks_LH_SalVentAttn_Med_3,NCBP_trans_vs_NCBP_nontrans,Transitioners − Non-transitioners,NCBP_trans,NCBP_nontrans,0.07804874646335333,0.08247780730111857,0.946299968649807,0.3439956093593284,-0.08360478537067378,0.23970227829738044,0.28704729358284287,0.27018477005644703,124,0.9985617298206549,False,SalVentAttn,0.7344557241488306,False
alpha_pw,7Networks_LH_SalVentAttn_Med_3,NCBP_trans_vs_HC,Transitioners − HC,NCBP_trans,HC,0.08469168645312397,0.07899009237402378,1.0721811294016816,0.28363868454545593,-0.07012604973545461,0.23950942264170255,0.3114786654100922,0.27018477005644703,124,0.9889527198561104,False,SalVentAttn,0.7344557241488306,False
alpha_pw,7Networks_LH_SalVentAttn_Med_3,NCBP_nontrans_vs_HC,Non-transitioners − HC,NCBP_nontrans,HC,0.006642939989770641,0.05712594929687555,0.11628585732988372,0.9074259937846252,-0.10532186321476665,0.11860774319430793,0.02443137182724938,0.27018477005644703,124,0.996351979586235,False,SalVentAttn,0.7344557241488306,False
alpha_pw,7Networks_LH_SalVentAttn_PFCl_1,NCBP_trans_vs_NCBP_nontrans,Transitioners − Non-transitioners,NCBP_trans,NCBP_nontrans,0.004976101679555971,0.0614015186920191,0.0810419967707209,0.9354085537327459,-0.11536866355286438,0.12532086691197633,0.02992053526602661,0.1647465341528962,85,0.9985617298206549,False,SalVentAttn,0.7344557241488306,False
alpha_pw,7Networks_LH_SalVentAttn_PFCl_1,NCBP_trans_vs_HC,Transitioners − HC,NCBP_trans,HC,0.003032805019423863,0.059772289332905036,0.05073931504501174,0.9595332481054304,-0.11411872934657766,0.12018433938542539,0.018235790862447053,0.1647465341528962,85,0.9889527198561104,False,SalVentAttn,0.7344557241488306,False
alpha_pw,7Networks_LH_SalVentAttn_PFCl_1,NCBP_nontrans_vs_HC,Non-transitioners − HC,NCBP_nontrans,HC,-0.0019432966601321076,0.042043994961756086,-0.04622055211213307,0.9631344617622548,-0.08434801255135753,0.0804614192310933,-0.011684744403579554,0.1647465341528962,85,0.996351979586235,False,SalVentAttn,0.7344557241488306,False
alpha_pw,7Networks_LH_SalVentAttn_ParOper_1,NCBP_trans_vs_NCBP_nontrans,Transitioners − Non-transitioners,NCBP_trans,NCBP_nontrans,0.0020618794670949486,0.063139157529743,0.032656113064601124,0.9739488219092225,-0.1216885953054023,0.1258123542395922,0.007995485953117365,0.2563423896010192,131,0.9985617298206549,False,SalVentAttn,0.7344557241488306,False
alpha_pw,7Networks_LH_SalVentAttn_ParOper_1,NCBP_trans_vs_HC,Transitioners − HC,NCBP_trans,HC,-0.03496789544845074,0.057872300716828126,-0.6042250785837993,0.5456940096744683,-0.1483955205559054,0.07845972965900394,-0.1355973136790977,0.2563423896010192,131,0.9889527198561104,False,SalVentAttn,0.7344557241488306,False
alpha_pw,7Networks_LH_SalVentAttn_ParOper_1,NCBP_nontrans_vs_HC,Non-transitioners − HC,NCBP_nontrans,HC,-0.03702977491554569,0.05472908203290206,-0.6766014254228512,0.4986588744761775,-0.1442968046069719,0.07023725477588053,-0.14359279963221505,0.2563423896010192,131,0.996351979586235,False,SalVentAttn,0.7344557241488306,False
alpha_pw,7Networks_LH_SomMot_1,NCBP_trans_vs_NCBP_nontrans,Transitioners − Non-transitioners,NCBP_trans,NCBP_nontrans,0.025590679915844343,0.050338201132321486,0.5083749387185175,0.611190424742446,-0.07307038135003913,0.12425174118172783,0.1175180358912656,0.21646083014647932,131,0.9985617298206549,False,SomMot,0.7344557241488306,False
alpha_pw,7Networks_LH_SomMot_1,NCBP_trans_vs_HC,Transitioners − HC,NCBP_trans,HC,-0.018400162639484498,0.04986924105653659,-0.3689681705527521,0.712151449691429,-0.1161420790466424,0.07934175376767341,-0.08449759758564503,0.21646083014647932,131,0.9889527198561104,False,SomMot,0.7344557241488306,False
alpha_pw,7Networks_LH_SomMot_1,NCBP_nontrans_vs_HC,Non-transitioners − HC,NCBP_nontrans,HC,-0.04399084255532884,0.0450509905131031,-0.9764678213353397,0.32883268661954934,-0.13228916142886657,0.04430747631820889,-0.2020156334769106,0.21646083014647932,131,0.996351979586235,False,SomMot,0.7344557241488306,False
alpha_pw,7Networks_LH_SomMot_2,NCBP_trans_vs_NCBP_nontrans,Transitioners − Non-transitioners,NCBP_trans,NCBP_nontrans,-0.0012682647295971794,0.052385835103085227,-0.024210069899648995,0.9806850458671212,-0.10394261483169834,0.10140608537250398,-0.005622681031027313,0.22422758780247318,132,0.9985617298206549,False,SomMot,0.7344557241488306,False
alpha_pw,7Networks_LH_SomMot_2,NCBP_trans_vs_HC,Transitioners − HC,NCBP_trans,HC,-0.008014571573275384,0.05271242265242365,-0.1520433167362093,0.8791527709690983,-0.11132902150987904,0.09529987836332827,-0.03553152469293935,0.22422758780247318,132,0.9889527198561104,False,SomMot,0.7344557241488306,False
alpha_pw,7Networks_LH_SomMot_2,NCBP_nontrans_vs_HC,Non-transitioners − HC,NCBP_nontrans,HC,-0.006746306843678204,0.04574018653090188,-0.14749189619330536,0.882743775679862,-0.09639542509038997,0.08290281140303356,-0.029908843661912037,0.22422758780247318,132,0.996351979586235,False,SomMot,0.7344557241488306,False
alpha_pw,7Networks_LH_SomMot_3,NCBP_trans_vs_NCBP_nontrans,Transitioners − Non-transitioners,NCBP_trans,NCBP_nontrans,0.03371702287092827,0.05265665898806575,0.6403183095716345,0.5219656796065177,-0.06948813229188792,0.13692217803374446,0.15386822796191568,0.21776815663931556,126,0.9985617298206549,False,SomMot,0.7344557241488306,False
alpha_pw,7Networks_LH_SomMot_3,NCBP_trans_vs_HC,Transitioners − HC,NCBP_trans,HC,-0.026198388290856203,0.05403115931268335,-0.4848755537382363,0.6277646243425364,-0.13209751458666152,0.0797007380049491,-0.11955680657819785,0.21776815663931556,126,0.9889527198561104,False,SomMot,0.7344557241488306,False
alpha_pw,7Networks_LH_SomMot_3,NCBP_nontrans_vs_HC,Non-transitioners − HC,NCBP_nontrans,HC,-0.059915411161784476,0.04636183600157059,-1.292343365343744,0.1962382603990137,-0.1507829399820153,0.03095211765844634,-0.2734250345401135,0.21776815663931556,126,0.996351979586235,False,SomMot,0.7344557241488306,False
alpha_pw,7Networks_LH_SomMot_4,NCBP_trans_vs_NCBP_nontrans,Transitioners − Non-transitioners,NCBP_trans,NCBP_nontrans,0.06001430740150192,0.08389043445318563,0.7153891595947379,0.4743686090618835,-0.10440792277416001,0.22443653757716386,0.18213159952209987,0.32754540861068376,131,0.9985617298206549,False,SomMot,0.7344557241488306,False
alpha_pw,7Networks_LH_SomMot_4,NCBP_trans_vs_HC,Transitioners − HC,NCBP_trans,HC,-0.05862593656373648,0.08029054104699522,-0.7301723938990754,0.46528481463097315,-0.21599250531508202,0.09874063218760905,-0.17791816755294695,0.32754540861068376,131,0.9889527198561104,False,SomMot,0.7344557241488306,False
alpha_pw,7Networks_LH_SomMot_4,NCBP_nontrans_vs_HC,Non-transitioners − HC,NCBP_nontrans,HC,-0.1186402439652384,0.06901751951990472,-1.7189873642303595,0.08561667275731073,-0.2539120965265418,0.016631608596065023,-0.3600497670750469,0.32754540861068376,131,0.996351979586235,False,SomMot,0.7344557241488306,False
alpha_pw,7Networks_LH_SomMot_5,NCBP_trans_vs_NCBP_nontrans,Transitioners − Non-transitioners,NCBP_trans,NCBP_nontrans,-0.05557881896612223,0.10224268649580516,-0.5435970128621623,0.5867188158124645,-0.2559708021805201,0.14481316424827562,-0.1515772416776463,0.3644830473553305,131,0.9985617298206549,False,SomMot,0.7344557241488306,False
alpha_pw,7Networks_LH_SomMot_5,NCBP_trans_vs_HC,Transitioners − HC,NCBP_trans,HC,-0.07618600879261506,0.09480229300591239,-0.8036304437052348,0.4216104356097995,-0.26199508873601685,0.1096230711507867,-0.2077781658918042,0.3644830473553305,131,0.9889527198561104,False,SomMot,0.7344557241488306,False
alpha_pw,7Networks_LH_SomMot_5,NCBP_nontrans_vs_HC,Non-transitioners − HC,NCBP_nontrans,HC,-0.020607189826492824,0.07618671280385388,-0.27048272681808655,0.7867889038539838,-0.169930403022543,0.12871602336955737,-0.05620092421415789,0.3644830473553305,131,0.996351979586235,False,SomMot,0.7344557241488306,False
alpha_pw,7Networks_LH_SomMot_6,NCBP_trans_vs_NCBP_nontrans,Transitioners − Non-transitioners,NCBP_trans,NCBP_nontrans,-0.015327140950893325,0.07352955122392445,-0.20844872157884606,0.8348786173899172,-0.15944241314917829,0.12878813124739164,-0.05468627550253746,0.2786023815177962,131,0.9985617298206549,False,SomMot,0.7344557241488306,False
alpha_pw,7Networks_LH_SomMot_6,NCBP_trans_vs_HC,Transitioners − HC,NCBP_trans,HC,0.0639240220894983,0.06987630575381638,0.9148168524350903,0.36028778615136714,-0.07303102056069077,0.20087906473968736,0.2280768927758081,0.2786023815177962,131,0.9889527198561104,False,SomMot,0.7344557241488306,False
alpha_pw,7Networks_LH_SomMot_6,NCBP_nontrans_vs_HC,Non-transitioners − HC,NCBP_nontrans,HC,0.07925116304039162,0.05877602201424573,1.3483587409366231,0.1775430274882306,-0.03594772326206337,0.1944500493428466,0.2827631682783455,0.2786023815177962,131,0.996351979586235,False,SomMot,0.7344557241488306,False
alpha_pw,7Networks_LH_Vis_1,NCBP_trans_vs_NCBP_nontrans,Transitioners − Non-transitioners,NCBP_trans,NCBP_nontrans,0.00846818676233313,0.046517803626012565,0.1820418442455816,0.8555498875481173,-0.08270503298455822,0.09964140650922448,0.04085657468713013,0.20605881877095664,134,0.9985617298206549,False,Vis,0.7344557241488306,False
alpha_pw,7Networks_LH_Vis_1,NCBP_trans_vs_HC,Transitioners − HC,NCBP_trans,HC,-0.023332911393688933,0.03823738713357708,-0.6102119716543026,0.5417214003973934,-0.09827681303841526,0.05161099025103739,-0.11257461175334191,0.20605881877095664,134,0.9889527198561104,False,Vis,0.7344557241488306,False
alpha_pw,7Networks_LH_Vis_1,NCBP_nontrans_vs_HC,Non-transitioners − HC,NCBP_nontrans,HC,-0.03180109815602206,0.04699589980458411,-0.6766781418859034,0.49861018785484945,-0.12391136919405987,0.06030917288201575,-0.15343118644047204,0.20605881877095664,134,0.996351979586235,False,Vis,0.7344557241488306,False
alpha_pw,7Networks_LH_Vis_2,NCBP_trans_vs_NCBP_nontrans,Transitioners − Non-transitioners,NCBP_trans,NCBP_nontrans,-0.11095969298500633,0.07607668619383454,-1.4585242672412668,0.14469609120093033,-0.2600672579880776,0.03814787201806494,-0.34740875295046564,0.3175602571137656,136,0.9985617298206549,False,Vis,0.7344557241488306,False
alpha_pw,7Networks_LH_Vis_2,NCBP_trans_vs_HC,Transitioners − HC,NCBP_trans,HC,-0.15827642397302893,0.06396089968798609,-2.4745809509424137,0.01333925869439172,-0.2836374837802609,-0.03291536416579702,-0.49555485955931183,0.3175602571137656,136,0.9889527198561104,False,Vis,0.7344557241488306,False
alpha_pw,7Networks_LH_Vis_2,NCBP_nontrans_vs_HC,Non-transitioners − HC,NCBP_nontrans,HC,-0.04731673098802261,0.0696023658110402,-0.6798149809516577,0.49662161971335894,-0.1837348612164434,0.08910139924039817,-0.1481461066088462,0.3175602571137656,136,0.996351979586235,False,Vis,0.7344557241488306,False
alpha_pw,7Networks_LH_Vis_3,NCBP_trans_vs_NCBP_nontrans,Transitioners − Non-transitioners,NCBP_trans,NCBP_nontrans,-0.020966826148297188,0.06779852688684523,-0.3092519426460477,0.757129884508618,-0.15384949705138434,0.11191584475478998,-0.07668346115231801,0.27186397286257935,137,0.9985617298206549,False,Vis,0.7344557241488306,False
alpha_pw,7Networks_LH_Vis_3,NCBP_trans_vs_HC,Transitioners − HC,NCBP_trans,HC,-0.07783175856401484,0.058677725496861094,-1.3264276674830957,0.18469807941235283,-0.1928379872325902,0.037174470104560556,-0.2846596138130781,0.27186397286257935,137,0.9889527198561104,False,Vis,0.7344557241488306,False
alpha_pw,7Networks_LH_Vis_3,NCBP_nontrans_vs_HC,Non-transitioners − HC,NCBP_nontrans,HC,-0.05686493241571765,0.05867041544102658,-0.9692266875607223,0.33243209838245236,-0.17185683363813242,0.05812696880669713,-0.2079761526607601,0.27186397286257935,137,0.996351979586235,False,Vis,0.7344557241488306,False
alpha_pw,7Networks_LH_Vis_4,NCBP_trans_vs_NCBP_nontrans,Transitioners − Non-transitioners,NCBP_trans,NCBP_nontrans,-0.056789368945888985,0.08705519487372669,-0.6523375087295112,0.5141834680417373,-0.22741441556550923,0.11383567767373126,-0.16671150285668604,0.3386905902714772,136,0.9985617298206549,False,Vis,0.7344557241488306,False
alpha_pw,7Networks_LH_Vis_4,NCBP_trans_vs_HC,Transitioners − HC,NCBP_trans,HC,-0.13195049396184821,0.06964574371592083,-1.8945952318358927,0.058146046985146166,-0.26845364332155985,0.004552655397863398,-0.38735533708821424,0.3386905902714772,136,0.9889527198561104,False,Vis,0.7344557241488306,False
alpha_pw,7Networks_LH_Vis_4,NCBP_nontrans_vs_HC,Non-transitioners − HC,NCBP_nontrans,HC,-0.07516112501595923,0.0772256355846649,-0.9732665124336557,0.33042086134846793,-0.22652058944511724,0.07619833941319878,-0.22064383423152817,0.3386905902714772,136,0.996351979586235,False,Vis,0.7344557241488306,False
alpha_pw,7Networks_LH_Vis_5,NCBP_trans_vs_NCBP_nontrans,Transitioners − Non-transitioners,NCBP_trans,NCBP_nontrans,0.029718975105274312,0.07905984243098649,0.3759048107288706,0.7069876639381141,-0.12523546868287078,0.18467341889341943,0.0861637777913822,0.34293416247696856,136,0.9985617298206549,False,Vis,0.7344557241488306,False
alpha_pw,7Networks_LH_Vis_5,NCBP_trans_vs_HC,Transitioners − HC,NCBP_trans,HC,-0.04570300396540154,0.06442008106380037,-0.709452754648635,0.478043560198416,-0.17196404273160099,0.08055803480079791,-0.13250603239593683,0.34293416247696856,136,0.9889527198561104,False,Vis,0.7344557241488306,False
alpha_pw,7Networks_LH_Vis_5,NCBP_nontrans_vs_HC,Non-transitioners − HC,NCBP_nontrans,HC,-0.07542197907067585,0.07773745111991566,-0.9702142015736015,0.3319397333085008,-0.22778458351565345,0.07694062537430174,-0.21866981018731904,0.34293416247696856,136,0.996351979586235,False,Vis,0.7344557241488306,False
alpha_pw,7Networks_LH_Vis_6,NCBP_trans_vs_NCBP_nontrans,Transitioners − Non-transitioners,NCBP_trans,NCBP_nontrans,-0.011700304230756811,0.06916774117903506,-0.16915839712723202,0.8656720524263068,-0.14726658583365354,0.1238659773721399,-0.040870448395412415,0.2846481881182149,137,0.9985617298206549,False,Vis,0.7344557241488306,False
alpha_pw,7Networks_LH_Vis_6,NCBP_trans_vs_HC,Transitioners − HC,NCBP_trans,HC,-0.0921981658150229,0.05827613118371801,-1.5820913973229316,0.11362870721060428,-0.20641728409344173,0.022020952463395943,-0.32205832461937894,0.2846481881182149,137,0.9889527198561104,False,Vis,0.7344557241488306,False
alpha_pw,7Networks_LH_Vis_6,NCBP_nontrans_vs_HC,Non-transitioners − HC,NCBP_nontrans,HC,-0.08049786158426608,0.06275587320423014,-1.2827143894930304,0.19959215672872688,-0.20349711288291938,0.04250138971438723,-0.28118787622396657,0.2846481881182149,137,0.996351979586235,False,Vis,0.7344557241488306,False
alpha_pw,7Networks_LH_Vis_7,NCBP_trans_vs_NCBP_nontrans,Transitioners − Non-transitioners,NCBP_trans,NCBP_nontrans,-0.03244618261434848,0.07253063194355193,-0.44734454595129153,0.6546263083484467,-0.17460360899964064,0.10971124377094368,-0.11777384153998077,0.2739153824165848,136,0.9985617298206549,False,Vis,0.7344557241488306,False
alpha_pw,7Networks_LH_Vis_7,NCBP_trans_vs_HC,Transitioners − HC,NCBP_trans,HC,-0.08923732478055293,0.06429819848205238,-1.3878666414808158,0.16517765738720047,-0.2152594780761836,0.03678482851507772,-0.32391553339495,0.2739153824165848,136,0.9889527198561104,False,Vis,0.7344557241488306,False
alpha_pw,7Networks_LH_Vis_7,NCBP_nontrans_vs_HC,Non-transitioners − HC,NCBP_nontrans,HC,-0.056791142166204456,0.05577206062604673,-1.0182722590615882,0.3085485879413268,-0.16610237233684044,0.052520088004431545,-0.2061416918549692,0.2739153824165848,136,0.996351979586235,False,Vis,0.7344557241488306,False
alpha_pw,7Networks_LH_Vis_8,NCBP_trans_vs_NCBP_nontrans,Transitioners − Non-transitioners,NCBP_trans,NCBP_nontrans,-0.08026175670964522,0.07809149594086923,-1.0277912561749274,0.30404803019497806,-0.23331827625260473,0.07279476283331429,-0.26103493612289136,0.30569783916528487,135,0.9985617298206549,False,Vis,0.7344557241488306,False
alpha_pw,7Networks_LH_Vis_8,NCBP_trans_vs_HC,Transitioners − HC,NCBP_trans,HC,-0.09362978863219301,0.06349878134712039,-1.4745131582976283,0.1403434775297358,-0.21808511313473275,0.030825535870346726,-0.30451172384901515,0.30569783916528487,135,0.9889527198561104,False,Vis,0.7344557241488306,False
alpha_pw,7Networks_LH_Vis_8,NCBP_nontrans_vs_HC,Non-transitioners − HC,NCBP_nontrans,HC,-0.01336803192254779,0.06956313641707056,-0.1921712074970116,0.8476080986300012,-0.14970927395165273,0.12297321010655715,-0.04347678772612377,0.30569783916528487,135,0.996351979586235,False,Vis,0.7344557241488306,False
alpha_pw,7Networks_LH_Vis_9,NCBP_trans_vs_NCBP_nontrans,Transitioners − Non-transitioners,NCBP_trans,NCBP_nontrans,-0.0313346603545997,0.07652903095933218,-0.4094480220355992,0.6822109041362364,-0.18132880480664154,0.11865948409744215,-0.10102055126872266,0.3084018057491386,136,0.9985617298206549,False,Vis,0.7344557241488306,False
alpha_pw,7Networks_LH_Vis_9,NCBP_trans_vs_HC,Transitioners − HC,NCBP_trans,HC,-0.0324806855847565,0.06158549930031084,-0.5274080092518233,0.5979102827943471,-0.15318604618328246,0.08822467501376945,-0.10471524906369366,0.3084018057491386,136,0.9889527198561104,False,Vis,0.7344557241488306,False
alpha_pw,7Networks_LH_Vis_9,NCBP_nontrans_vs_HC,Non-transitioners − HC,NCBP_nontrans,HC,-0.0011460252301568052,0.0698966950892402,-0.01639598594316404,0.9869184820732588,-0.13814103024344523,0.13584897978313162,-0.0036946977949710164,0.3084018057491386,136,0.996351979586235,False,Vis,0.7344557241488306,False
alpha_pw,7Networks_RH_Cont_Cing_1,NCBP_trans_vs_NCBP_nontrans,Transitioners − Non-transitioners,NCBP_trans,NCBP_nontrans,-0.002170191560650285,0.06244944555131999,-0.03475117419364204,0.9722781544406325,-0.12456885569573256,0.120228472574432,-0.009512109395436145,0.22683161127198134,135,0.9985617298206549,False,Cont,0.7344557241488306,False
alpha_pw,7Networks_RH_Cont_Cing_1,NCBP_trans_vs_HC,Transitioners − HC,NCBP_trans,HC,0.021037141522854304,0.05835373342237467,0.3605106355506638,0.718465304581521,-0.09333407434845128,0.13540835739415988,0.09220734020028223,0.22683161127198134,135,0.9889527198561104,False,Cont,0.7344557241488306,False
alpha_pw,7Networks_RH_Cont_Cing_1,NCBP_nontrans_vs_HC,Non-transitioners − HC,NCBP_nontrans,HC,0.02320733308350459,0.04622074637139183,0.5020977570770837,0.615598757848726,-0.06738366514298379,0.11379833130999296,0.10171944959571838,0.22683161127198134,135,0.996351979586235,False,Cont,0.7344557241488306,False
alpha_pw,7Networks_RH_Cont_PFCl_1,NCBP_trans_vs_NCBP_nontrans,Transitioners − Non-transitioners,NCBP_trans,NCBP_nontrans,0.009673242869115216,0.05344943391946884,0.18097933242267247,0.8563837984657037,-0.09508572260709724,0.11443220834532769,0.06381032861026047,0.1500520545226401,79,0.9985617298206549,False,Cont,0.7344557241488306,False
alpha_pw,7Networks_RH_Cont_PFCl_1,NCBP_trans_vs_HC,Transitioners − HC,NCBP_trans,HC,0.018140525804620236,0.05163661522308743,0.35131128805106815,0.7253548273556771,-0.08306538031618381,0.11934643192542428,0.11966544502377463,0.1500520545226401,79,0.9889527198561104,False,Cont,0.7344557241488306,False
alpha_pw,7Networks_RH_Cont_PFCl_1,NCBP_nontrans_vs_HC,Non-transitioners − HC,NCBP_nontrans,HC,0.00846728293550502,0.03995345038617828,0.21192870337011593,0.8321626571265806,-0.06984004087951232,0.08677460675052237,0.05585511641351417,0.1500520545226401,79,0.996351979586235,False,Cont,0.7344557241488306,False
alpha_pw,7Networks_RH_Cont_PFCl_2,NCBP_trans_vs_NCBP_nontrans,Transitioners − Non-transitioners,NCBP_trans,NCBP_nontrans,-0.0015781533958947845,0.05611420161546281,-0.028123957045838272,0.9775632866691866,-0.11155996758342121,0.10840366079163163,-0.007826814400406024,0.20002111825296548,99,0.9985617298206549,False,Cont,0.7344557241488306,False
alpha_pw,7Networks_RH_Cont_PFCl_2,NCBP_trans_vs_HC,Transitioners − HC,NCBP_trans,HC,-0.017293145565456174,0.05527035587515952,-0.31288283369328423,0.7543696799927877,-0.1256210524934806,0.09103476136256826,-0.08576494597553921,0.20002111825296548,99,0.9889527198561104,False,Cont,0.7344557241488306,False
alpha_pw,7Networks_RH_Cont_PFCl_2,NCBP_nontrans_vs_HC,Non-transitioners − HC,NCBP_nontrans,HC,-0.01571499216956139,0.051162755240091264,-0.30715687800267416,0.7587239663325303,-0.1159921497899782,0.08456216545085542,-0.07793813157513318,0.20002111825296548,99,0.996351979586235,False,Cont,0.7344557241488306,False
alpha_pw,7Networks_RH_Cont_PFCl_3,NCBP_trans_vs_NCBP_nontrans,Transitioners − Non-transitioners,NCBP_trans,NCBP_nontrans,0.019713445294939014,0.053004418774333796,0.3719207898282777,0.7099518256754687,-0.0841733065242339,0.12360019711411192,0.10614620181164673,0.1841502801407264,94,0.9985617298206549,False,Cont,0.7344557241488306,False
alpha_pw,7Networks_RH_Cont_PFCl_3,NCBP_trans_vs_HC,Transitioners − HC,NCBP_trans,HC,-0.011516242984820659,0.05437625343956053,-0.21178809234477727,0.8322723587371603,-0.11809174134058154,0.09505925537094023,-0.0620087170806495,0.1841502801407264,94,0.9889527198561104,False,Cont,0.7344557241488306,False
alpha_pw,7Networks_RH_Cont_PFCl_3,NCBP_nontrans_vs_HC,Non-transitioners − HC,NCBP_nontrans,HC,-0.031229688279759672,0.04683447415151489,-0.6668098413730034,0.5048936057108342,-0.12302357085160096,0.06056419429208162,-0.16815491889229625,0.1841502801407264,94,0.996351979586235,False,Cont,0.7344557241488306,False
alpha_pw,7Networks_RH_Cont_PFCl_4,NCBP_trans_vs_NCBP_nontrans,Transitioners − Non-transitioners,NCBP_trans,NCBP_nontrans,0.09236165671361778,0.0912877213751423,1.011764291213516,0.3116507673523804,-0.08655898941238839,0.27128230283962396,0.30575371902469195,0.3002023397131114,126,0.9985617298206549,False,Cont,0.7344557241488306,False
alpha_pw,7Networks_RH_Cont_PFCl_4,NCBP_trans_vs_HC,Transitioners − HC,NCBP_trans,HC,0.10492141608987794,0.08354034565753223,1.2559370596812696,0.20913879076494168,-0.05881465265491233,0.2686574848346682,0.34733150439567045,0.3002023397131114,126,0.9889527198561104,False,Cont,0.7344557241488306,False
alpha_pw,7Networks_RH_Cont_PFCl_4,NCBP_nontrans_vs_HC,Non-transitioners − HC,NCBP_nontrans,HC,0.012559759376260169,0.06582369586026815,0.19080908800566707,0.8486751683056306,-0.11645231383918367,0.141571832591704,0.04157778537097847,0.3002023397131114,126,0.996351979586235,False,Cont,0.7344557241488306,False
alpha_pw,7Networks_RH_Cont_PFCmp_1,NCBP_trans_vs_NCBP_nontrans,Transitioners − Non-transitioners,NCBP_trans,NCBP_nontrans,0.05546671071230669,0.06032299179424375,0.9194953543003737,0.3578365344614015,-0.06276418064411626,0.17369760206872964,0.2559876878118026,0.21524861842844104,119,0.9985617298206549,False,Cont,0.7344557241488306,False
alpha_pw,7Networks_RH_Cont_PFCmp_1,NCBP_trans_vs_HC,Transitioners − HC,NCBP_trans,HC,0.013133643719233312,0.06093752477879474,0.21552637339486436,0.8293569521864977,-0.10630171015422149,0.13256899759268811,0.060613853698099025,0.21524861842844104,119,0.9889527198561104,False,Cont,0.7344557241488306,False
alpha_pw,7Networks_RH_Cont_PFCmp_1,NCBP_nontrans_vs_HC,Non-transitioners − HC,NCBP_nontrans,HC,-0.042333066993073376,0.04624649979917794,-0.9153788324933052,0.35999278685231717,-0.132974541010501,0.04830840702435424,-0.19537383411370363,0.21524861842844104,119,0.996351979586235,False,Cont,0.7344557241488306,False
alpha_pw,7Networks_RH_Cont_Par_1,NCBP_trans_vs_NCBP_nontrans,Transitioners − Non-transitioners,NCBP_trans,NCBP_nontrans,0.03199261388179947,0.07633919009176178,0.41908505766623244,0.6751539706066927,-0.11762944930701055,0.1816146770706095,0.11411739810516199,0.27867620180152386,131,0.9985617298206549,False,Cont,0.7344557241488306,False
alpha_pw,7Networks_RH_Cont_Par_1,NCBP_trans_vs_HC,Transitioners − HC,NCBP_trans,HC,0.019372797194338716,0.06709798615858457,0.28872397375014425,0.7727926152455091,-0.11213683911165412,0.15088243350033154,0.06910261280947164,0.27867620180152386,131,0.9889527198561104,False,Cont,0.7344557241488306,False
alpha_pw,7Networks_RH_Cont_Par_1,NCBP_nontrans_vs_HC,Non-transitioners − HC,NCBP_nontrans,HC,-0.012619816687460757,0.0620156924624062,-0.20349392526917065,0.838748993288333,-0.134168340390089,0.10892870701516749,-0.04501478529569035,0.27867620180152386,131,0.996351979586235,False,Cont,0.7344557241488306,False
alpha_pw,7Networks_RH_Cont_Par_2,NCBP_trans_vs_NCBP_nontrans,Transitioners − Non-transitioners,NCBP_trans,NCBP_nontrans,-0.027459844723143848,0.07320957579270436,-0.375085423263446,0.7075969375208777,-0.17094797660029976,0.11602828715401207,-0.10189202951144603,0.26794163810361277,135,0.9985617298206549,False,Cont,0.7344557241488306,False
alpha_pw,7Networks_RH_Cont_Par_2,NCBP_trans_vs_HC,Transitioners − HC,NCBP_trans,HC,-0.031110286251426825,0.0636184771983941,-0.4890133750672695,0.6248322277226108,-0.15580021031156188,0.09357963780870825,-0.11543729532338734,0.26794163810361277,135,0.9889527198561104,False,Cont,0.7344557241488306,False
alpha_pw,7Networks_RH_Cont_Par_2,NCBP_nontrans_vs_HC,Non-transitioners − HC,NCBP_nontrans,HC,-0.003650441528282977,0.0559697171526202,-0.06522172549717956,0.9479974635096632,-0.11334907137231227,0.10604818831574632,-0.013545265811941307,0.26794163810361277,135,0.996351979586235,False,Cont,0.7344557241488306,False
alpha_pw,7Networks_RH_Cont_pCun_1,NCBP_trans_vs_NCBP_nontrans,Transitioners − Non-transitioners,NCBP_trans,NCBP_nontrans,-0.044983314536165275,0.08664203396594462,-0.5191858094403271,0.6036311738054732,-0.2147985806567128,0.12483195158438226,-0.13865778347896462,0.32257289432074043,137,0.9985617298206549,False,Cont,0.7344557241488306,False
alpha_pw,7Networks_RH_Cont_pCun_1,NCBP_trans_vs_HC,Transitioners − HC,NCBP_trans,HC,-0.03505945018509486,0.07164041013118116,-0.48938092510773323,0.6245720379677636,-0.17547207387988834,0.10535317350969862,-0.10806819601406013,0.32257289432074043,137,0.9889527198561104,False,Cont,0.7344557241488306,False
alpha_pw,7Networks_RH_Cont_pCun_1,NCBP_nontrans_vs_HC,Non-transitioners − HC,NCBP_nontrans,HC,0.009923864351070413,0.07113431408124006,0.13950882185687077,0.8890480852770966,-0.1294968293131205,0.14934455801526136,0.030589587464904488,0.32257289432074043,137,0.996351979586235,False,Cont,0.7344557241488306,False
alpha_pw,7Networks_RH_Default_PFCdPFCm_1,NCBP_trans_vs_NCBP_nontrans,Transitioners − Non-transitioners,NCBP_trans,NCBP_nontrans,0.00290520395147322,0.042148922677326346,0.06892712237781702,0.9450476293197437,-0.07970516648324998,0.0855155743861964,0.019669354087655726,0.14650769534118702,98,0.9985617298206549,False,Default,0.7344557241488306,False
alpha_pw,7Networks_RH_Default_PFCdPFCm_1,NCBP_trans_vs_HC,Transitioners − HC,NCBP_trans,HC,0.009632823735016567,0.04081681455090246,0.23600135975832992,0.8134316150408548,-0.07036666274840267,0.08963231021843582,0.06521794134691812,0.14650769534118702,98,0.9889527198561104,False,Default,0.7344557241488306,False
alpha_pw,7Networks_RH_Default_PFCdPFCm_1,NCBP_nontrans_vs_HC,Non-transitioners − HC,NCBP_nontrans,HC,0.006727619783543347,0.035860604624816196,0.18760475050350128,0.8511865020069032,-0.0635578737449269,0.07701311331201359,0.04554858725926239,0.14650769534118702,98,0.996351979586235,False,Default,0.7344557241488306,False
alpha_pw,7Networks_RH_Default_PFCdPFCm_2,NCBP_trans_vs_NCBP_nontrans,Transitioners − Non-transitioners,NCBP_trans,NCBP_nontrans,0.0625707775448735,0.05563891665049736,1.124586554010738,0.26076427411866376,-0.04647949522892726,0.17162105031867425,0.35930170519388854,0.17250777476052084,85,0.9985617298206549,False,Default,0.7344557241488306,False
alpha_pw,7Networks_RH_Default_PFCdPFCm_2,NCBP_trans_vs_HC,Transitioners − HC,NCBP_trans,HC,0.015955104426574686,0.05787819094884458,0.27566695097081634,0.7828038816877025,-0.09748406532349282,0.1293942741766422,0.09161938610885187,0.17250777476052084,85,0.9889527198561104,False,Default,0.7344557241488306,False
alpha_pw,7Networks_RH_Default_PFCdPFCm_2,NCBP_nontrans_vs_HC,Non-transitioners − HC,NCBP_nontrans,HC,-0.04661567311829882,0.04563433005466613,-1.0215044915189315,0.3070154821948933,-0.1360573164840582,0.042825970247460564,-0.2676823190850367,0.17250777476052084,85,0.996351979586235,False,Default,0.7344557241488306,False
alpha_pw,7Networks_RH_Default_PFCdPFCm_3,NCBP_trans_vs_NCBP_nontrans,Transitioners − Non-transitioners,NCBP_trans,NCBP_nontrans,0.07633171793684619,0.07802191807358744,0.9783368548419034,0.32790774769258346,-0.0765884314921199,0.22925186736581227,0.3049179241011925,0.24869911482948906,120,0.9985617298206549,False,Default,0.7344557241488306,False
alpha_pw,7Networks_RH_Default_PFCdPFCm_3,NCBP_trans_vs_HC,Transitioners − HC,NCBP_trans,HC,0.04975365697696715,0.07801866836518355,0.6377147677538434,0.5236593706005104,-0.10316012314056705,0.20266743709450136,0.1987480723859947,0.24869911482948906,120,0.9889527198561104,False,Default,0.7344557241488306,False
alpha_pw,7Networks_RH_Default_PFCdPFCm_3,NCBP_nontrans_vs_HC,Non-transitioners − HC,NCBP_nontrans,HC,-0.026578060959879038,0.05018663055490974,-0.5295844862667098,0.5964000529039593,-0.12494204935291955,0.07178592743316148,-0.1061698517151978,0.24869911482948906,120,0.996351979586235,False,Default,0.7344557241488306,False
alpha_pw,7Networks_RH_Default_PFCv_1,NCBP_trans_vs_NCBP_nontrans,Transitioners − Non-transitioners,NCBP_trans,NCBP_nontrans,-0.015903782938384303,0.04739583819114465,-0.3355523089231015,0.7372084926371576,-0.10879791881011584,0.07699035293334723,-0.08435289478033405,0.18718875519240175,110,0.9985617298206549,False,Default,0.7344557241488306,False
alpha_pw,7Networks_RH_Default_PFCv_1,NCBP_trans_vs_HC,Transitioners − HC,NCBP_trans,HC,-0.02534159638249451,0.04602418058491535,-0.5506148303007559,0.581897740349272,-0.11554733274689619,0.06486413998190718,-0.13441060038986044,0.18718875519240175,110,0.9889527198561104,False,Default,0.7344557241488306,False
alpha_pw,7Networks_RH_Default_PFCv_1,NCBP_nontrans_vs_HC,Non-transitioners − HC,NCBP_nontrans,HC,-0.009437813444110207,0.04447116878364796,-0.2122231931889429,0.8319329132814554,-0.09659970261046213,0.07772407572224171,-0.0500577056095264,0.18718875519240175,110,0.996351979586235,False,Default,0.7344557241488306,False
alpha_pw,7Networks_RH_Default_PFCv_2,NCBP_trans_vs_NCBP_nontrans,Transitioners − Non-transitioners,NCBP_trans,NCBP_nontrans,-0.0270416929331245,0.049351066243817916,-0.5479454648360702,0.5837293494861769,-0.12376800536965803,0.06968461950340903,-0.1446645401513174,0.18560116977371593,111,0.9985617298206549,False,Default,0.7344557241488306,False
alpha_pw,7Networks_RH_Default_PFCv_2,NCBP_trans_vs_HC,Transitioners − HC,NCBP_trans,HC,-0.04264061499970795,0.044981693966761375,-0.947954850949292,0.34315243932631767,-0.1308031151381629,0.045521885138746984,-0.22811386017722138,0.18560116977371593,111,0.9889527198561104,False,Default,0.7344557241488306,False
alpha_pw,7Networks_RH_Default_PFCv_2,NCBP_nontrans_vs_HC,Non-transitioners − HC,NCBP_nontrans,HC,-0.015598922066583448,0.04661889682982686,-0.33460513069462483,0.737922974075613,-0.1069702808520326,0.0757724367188657,-0.08344932002590397,0.18560116977371593,111,0.996351979586235,False,Default,0.7344557241488306,False
alpha_pw,7Networks_RH_Default_Par_1,NCBP_trans_vs_NCBP_nontrans,Transitioners − Non-transitioners,NCBP_trans,NCBP_nontrans,0.01240528859665374,0.06723407015724683,0.18450896350080087,0.8536141960190751,-0.11937106744558931,0.1441816446388968,0.04955478688904805,0.24887655772184422,134,0.9985617298206549,False,Default,0.7344557241488306,False
alpha_pw,7Networks_RH_Default_Par_1,NCBP_trans_vs_HC,Transitioners − HC,NCBP_trans,HC,0.020585294734482163,0.056920139272956805,0.3616522200651465,0.717611936300147,-0.09097612823551707,0.1321467177044814,0.08223104893268446,0.24887655772184422,134,0.9889527198561104,False,Default,0.7344557241488306,False
alpha_pw,7Networks_RH_Default_Par_1,NCBP_nontrans_vs_HC,Non-transitioners − HC,NCBP_nontrans,HC,0.008180006137828422,0.05418113843850372,0.15097516171818415,0.8799953093634104,-0.09801307384301762,0.11437308611867446,0.032676262043636425,0.24887655772184422,134,0.996351979586235,False,Default,0.7344557241488306,False
alpha_pw,7Networks_RH_Default_Temp_1,NCBP_trans_vs_NCBP_nontrans,Transitioners − Non-transitioners,NCBP_trans,NCBP_nontrans,0.025687813046537125,0.054654341342362904,0.47000498799582735,0.6383514538924255,-0.08143272758325268,0.13280835367632693,0.11457874236819436,0.22283478421378597,129,0.9985617298206549,False,Default,0.7344557241488306,False
alpha_pw,7Networks_RH_Default_Temp_1,NCBP_trans_vs_HC,Transitioners − HC,NCBP_trans,HC,0.012905980345214861,0.04983184821101203,0.25899060156397824,0.7956424920239354,-0.08476264743143544,0.11057460812186518,0.057566247243562,0.22283478421378597,129,0.9889527198561104,False,Default,0.7344557241488306,False
alpha_pw,7Networks_RH_Default_Temp_1,NCBP_nontrans_vs_HC,Non-transitioners − HC,NCBP_nontrans,HC,-0.012781832701322262,0.04810974947502441,-0.26568071629551504,0.7904851159594363,-0.10707520897761487,0.08151154357497035,-0.057012495124632356,0.22283478421378597,129,0.996351979586235,False,Default,0.7344557241488306,False
alpha_pw,7Networks_RH_Default_Temp_2,NCBP_trans_vs_NCBP_nontrans,Transitioners − Non-transitioners,NCBP_trans,NCBP_nontrans,0.060587621336957664,0.045763405560529685,1.323931656633825,0.18552574347565154,-0.029107005371580563,0.1502822480454959,0.2857594059755532,0.21064939140430006,121,0.9985617298206549,False,Default,0.7344557241488306,False
alpha_pw,7Networks_RH_Default_Temp_2,NCBP_trans_vs_HC,Transitioners − HC,NCBP_trans,HC,0.006254879281481735,0.04467589803672756,0.14000567546151324,0.888655506188067,-0.08130827184748798,0.09381803041045145,0.029500920294996475,0.21064939140430006,121,0.9889527198561104,False,Default,0.7344557241488306,False
alpha_pw,7Networks_RH_Default_Temp_2,NCBP_nontrans_vs_HC,Non-transitioners − HC,NCBP_nontrans,HC,-0.054332742055475926,0.047712612318455604,-1.1387501001377702,0.2548073999111019,-0.14784774380797103,0.03918225969701918,-0.2562584856805567,0.21064939140430006,121,0.996351979586235,False,Default,0.7344557241488306,False
alpha_pw,7Networks_RH_Default_Temp_3,NCBP_trans_vs_NCBP_nontrans,Transitioners − Non-transitioners,NCBP_trans,NCBP_nontrans,0.027225557540661686,0.05832647900913852,0.4667786913109571,0.6406582227752391,-0.08709224066228127,0.14154335574360463,0.11718388032841803,0.23091239053310453,128,0.9985617298206549,False,Default,0.7344557241488306,False
alpha_pw,7Networks_RH_Default_Temp_3,NCBP_trans_vs_HC,Transitioners − HC,NCBP_trans,HC,0.02745859364983022,0.051562742141453045,0.5325278002962399,0.5943604926109602,-0.07360252389154345,0.1285197111912039,0.1181869112301074,0.23091239053310453,128,0.9889527198561104,False,Default,0.7344557241488306,False
alpha_pw,7Networks_RH_Default_Temp_3,NCBP_nontrans_vs_HC,Non-transitioners − HC,NCBP_nontrans,HC,0.0002330361091685343,0.050968811770596596,0.004572131487337724,0.996351979586235,-0.09966399929600198,0.10013007151433906,0.0010030309016893686,0.23091239053310453,128,0.996351979586235,False,Default,0.7344557241488306,False
alpha_pw,7Networks_RH_Default_pCunPCC_1,NCBP_trans_vs_NCBP_nontrans,Transitioners − Non-transitioners,NCBP_trans,NCBP_nontrans,-0.013922862024035608,0.0634265753236175,-0.21951148951362812,0.8262516307726383,-0.13823666532104284,0.11039094127297164,-0.05922017524380246,0.23374437842865126,135,0.9985617298206549,False,Default,0.7344557241488306,False
alpha_pw,7Networks_RH_Default_pCunPCC_1,NCBP_trans_vs_HC,Transitioners − HC,NCBP_trans,HC,-0.03261323144647266,0.05502213181984468,-0.5927293321395833,0.5533623079496042,-0.14045462816598353,0.07522816527303822,-0.13871869721847505,0.23374437842865126,135,0.9889527198561104,False,Default,0.7344557241488306,False
alpha_pw,7Networks_RH_Default_pCunPCC_1,NCBP_nontrans_vs_HC,Non-transitioners − HC,NCBP_nontrans,HC,-0.01869036942243705,0.05064231117791097,-0.36906628050161666,0.7120783217472066,-0.11794747542501277,0.08056673658013866,-0.07949852197467257,0.23374437842865126,135,0.996351979586235,False,Default,0.7344557241488306,False
alpha_pw,7Networks_RH_Default_pCunPCC_2,NCBP_trans_vs_NCBP_nontrans,Transitioners − Non-transitioners,NCBP_trans,NCBP_nontrans,-0.022888247172833043,0.06973408602687543,-0.3282217990784584,0.742743966729462,-0.15956454428032674,0.11378804993466064,-0.08744196808783816,0.26025211387312697,136,0.9985617298206549,False,Default,0.7344557241488306,False
alpha_pw,7Networks_RH_Default_pCunPCC_2,NCBP_trans_vs_HC,Transitioners − HC,NCBP_trans,HC,-0.0029448626965379587,0.062116538470877704,-0.04740867358406664,0.9621875162744663,-0.12469104094375498,0.11880131555067906,-0.011250515952107487,0.26025211387312697,136,0.9889527198561104,False,Default,0.7344557241488306,False
alpha_pw,7Networks_RH_Default_pCunPCC_2,NCBP_nontrans_vs_HC,Non-transitioners − HC,NCBP_nontrans,HC,0.019943384476295085,0.05582329581767617,0.35725917261194945,0.7208977913764246,-0.08946826482467564,0.12935503377726582,0.07619145213573067,0.26025211387312697,136,0.996351979586235,False,Default,0.7344557241488306,False
alpha_pw,7Networks_RH_DorsAttn_FEF_1,NCBP_trans_vs_NCBP_nontrans,Transitioners − Non-transitioners,NCBP_trans,NCBP_nontrans,0.0031032687937532777,0.0884544517554447,0.03508324038153637,0.9720133654234626,-0.17026427091915408,0.17647080850666064,0.009577179288832147,0.32209486105749646,131,0.9985617298206549,False,DorsAttn,0.7344557241488306,False
alpha_pw,7Networks_RH_DorsAttn_FEF_1,NCBP_trans_vs_HC,Transitioners − HC,NCBP_trans,HC,-0.061333290810955704,0.08222742158650019,-0.7458982615238076,0.45572887550486296,-0.22249607566208748,0.09982949404017608,-0.18928425525143364,0.32209486105749646,131,0.9889527198561104,False,DorsAttn,0.7344557241488306,False
alpha_pw,7Networks_RH_DorsAttn_FEF_1,NCBP_nontrans_vs_HC,Non-transitioners − HC,NCBP_nontrans,HC,-0.06443655960470898,0.06692489113799203,-0.9628190424971723,0.33563834271992654,-0.1956069359044372,0.06673381669501924,-0.19886143454026578,0.32209486105749646,131,0.996351979586235,False,DorsAttn,0.7344557241488306,False
alpha_pw,7Networks_RH_DorsAttn_Post_1,NCBP_trans_vs_NCBP_nontrans,Transitioners − Non-transitioners,NCBP_trans,NCBP_nontrans,0.03467523900002076,0.07017766956929618,0.49410644743312643,0.6212310047181946,-0.10287046587475226,0.17222094387479378,0.12558032584379186,0.27451152945252283,134,0.9985617298206549,False,DorsAttn,0.7344557241488306,False
alpha_pw,7Networks_RH_DorsAttn_Post_1,NCBP_trans_vs_HC,Transitioners − HC,NCBP_trans,HC,-0.0038811875396527855,0.05673861195639184,-0.0684046966576445,0.945463483197788,-0.1150868235069745,0.10732444842766892,-0.014056162551328629,0.27451152945252283,134,0.9889527198561104,False,DorsAttn,0.7344557241488306,False
alpha_pw,7Networks_RH_DorsAttn_Post_1,NCBP_nontrans_vs_HC,Non-transitioners − HC,NCBP_nontrans,HC,-0.03855642653967355,0.062093825573791256,-0.6209381719258663,0.5346403043295918,-0.16025808832661656,0.08314523524726947,-0.13963648839512052,0.27451152945252283,134,0.996351979586235,False,DorsAttn,0.7344557241488306,False
alpha_pw,7Networks_RH_DorsAttn_Post_2,NCBP_trans_vs_NCBP_nontrans,Transitioners − Non-transitioners,NCBP_trans,NCBP_nontrans,-0.050884199318140706,0.08473400338422468,-0.6005168797160132,0.5481618148492369,-0.21695979421711614,0.11519139558083474,-0.16147667725681875,0.31326794128469504,133,0.9985617298206549,False,DorsAttn,0.7344557241488306,False
alpha_pw,7Networks_RH_DorsAttn_Post_2,NCBP_trans_vs_HC,Transitioners − HC,NCBP_trans,HC,-0.03868388721750598,0.07234838350677678,-0.5346890330159555,0.5928649063175563,-0.18048411323048014,0.10311633879546817,-0.12276002482038537,0.31326794128469504,133,0.9889527198561104,False,DorsAttn,0.7344557241488306,False
alpha_pw,7Networks_RH_DorsAttn_Post_2,NCBP_nontrans_vs_HC,Non-transitioners − HC,NCBP_nontrans,HC,0.012200312100634726,0.07006754101816563,0.17412216731669927,0.8617694523057458,-0.12512954478025287,0.1495301689815223,0.03871665243643337,0.31326794128469504,133,0.996351979586235,False,DorsAttn,0.7344557241488306,False
alpha_pw,7Networks_RH_DorsAttn_Post_3,NCBP_trans_vs_NCBP_nontrans,Transitioners − Non-transitioners,NCBP_trans,NCBP_nontrans,-0.018919322349044275,0.0733948369826211,-0.2577745673517078,0.7965808936283765,-0.16277055948617006,0.1249319147880815,-0.06741730422149367,0.2790079241740907,135,0.9985617298206549,False,DorsAttn,0.7344557241488306,False
alpha_pw,7Networks_RH_DorsAttn_Post_3,NCBP_trans_vs_HC,Transitioners − HC,NCBP_trans,HC,0.010205386193999653,0.06867265844441225,0.1486091615669794,0.8818620434065476,-0.12439055107966876,0.14480132346766808,0.03636597617215724,0.2790079241740907,135,0.9889527198561104,False,DorsAttn,0.7344557241488306,False
alpha_pw,7Networks_RH_DorsAttn_Post_3,NCBP_nontrans_vs_HC,Non-transitioners − HC,NCBP_nontrans,HC,0.02912470854304393,0.05592644628598738,0.5207680887519802,0.6025283356842386,-0.0804891119608052,0.13873852904689304,0.10378328039365091,0.2790079241740907,135,0.996351979586235,False,DorsAttn,0.7344557241488306,False
alpha_pw,7Networks_RH_DorsAttn_Post_4,NCBP_trans_vs_NCBP_nontrans,Transitioners − Non-transitioners,NCBP_trans,NCBP_nontrans,-0.05522517911772437,0.07920675620064221,-0.6972281376834948,0.48566003251622347,-0.2104675686032277,0.10001721036777897,-0.18814049099946767,0.2918478611165044,136,0.9985617298206549,False,DorsAttn,0.7344557241488306,False
alpha_pw,7Networks_RH_DorsAttn_Post_4,NCBP_trans_vs_HC,Transitioners − HC,NCBP_trans,HC,-0.036129020729960666,0.06790412313568508,-0.5320593074704485,0.5946849198270634,-0.16921865647767648,0.09696061501775516,-0.12308392309556422,0.2918478611165044,136,0.9889527198561104,False,DorsAttn,0.7344557241488306,False
alpha_pw,7Networks_RH_DorsAttn_Post_4,NCBP_nontrans_vs_HC,Non-transitioners − HC,NCBP_nontrans,HC,0.01909615838776371,0.06339075429467897,0.3012451673787173,0.7632275499083498,-0.10514743698263482,0.14333975375816224,0.06505656790390345,0.2918478611165044,136,0.996351979586235,False,DorsAttn,0.7344557241488306,False
alpha_pw,7Networks_RH_DorsAttn_Post_5,NCBP_trans_vs_NCBP_nontrans,Transitioners − Non-transitioners,NCBP_trans,NCBP_nontrans,-0.07112472013785695,0.08536496739542382,-0.8331839431086077,0.4047409969269903,-0.23843698177432363,0.09618754149860972,-0.2431406224420719,0.29082100995533583,134,0.9985617298206549,False,DorsAttn,0.7344557241488306,False
alpha_pw,7Networks_RH_DorsAttn_Post_5,NCBP_trans_vs_HC,Transitioners − HC,NCBP_trans,HC,-0.0629947302395498,0.07599017689015886,-0.828985177000002,0.4071127949941795,-0.21193274012308908,0.08594327964398948,-0.21534816434183932,0.29082100995533583,134,0.9889527198561104,False,DorsAttn,0.7344557241488306,False
alpha_pw,7Networks_RH_DorsAttn_Post_5,NCBP_nontrans_vs_HC,Non-transitioners − HC,NCBP_nontrans,HC,0.008129989898307155,0.0599537086154448,0.1356044536036053,0.8921339845123288,-0.1093771197275734,0.12563709952418772,0.027792458100232592,0.29082100995533583,134,0.996351979586235,False,DorsAttn,0.7344557241488306,False
alpha_pw,7Networks_RH_DorsAttn_PrCv_1,NCBP_trans_vs_NCBP_nontrans,Transitioners − Non-transitioners,NCBP_trans,NCBP_nontrans,0.06721849622079448,0.07288130981513681,0.922300880586449,0.3563716548364677,-0.07562624616297922,0.2100632386045682,0.2591226083296743,0.2577557912190683,123,0.9985617298206549,False,DorsAttn,0.7344557241488306,False
alpha_pw,7Networks_RH_DorsAttn_PrCv_1,NCBP_trans_vs_HC,Transitioners − HC,NCBP_trans,HC,0.05133860697508091,0.06858869156225934,0.7484995821575021,0.4541588770102313,-0.08309275823367368,0.1857699721838355,0.19790674435349254,0.2577557912190683,123,0.9889527198561104,False,DorsAttn,0.7344557241488306,False
alpha_pw,7Networks_RH_DorsAttn_PrCv_1,NCBP_nontrans_vs_HC,Non-transitioners − HC,NCBP_nontrans,HC,-0.01587988924571357,0.059252633650144666,-0.26800309568475694,0.7886969358640714,-0.1320129171891432,0.10025313869771606,-0.0612158639761818,0.2577557912190683,123,0.996351979586235,False,DorsAttn,0.7344557241488306,False
alpha_pw,7Networks_RH_Limbic_OFC_1,NCBP_trans_vs_NCBP_nontrans,Transitioners − Non-transitioners,NCBP_trans,NCBP_nontrans,-0.0043779510240865875,0.05195819550767957,-0.0842591044840946,0.9328504266241189,-0.10621414292082937,0.0974582408726562,-0.024715175801569133,0.17589163115328735,112,0.9985617298206549,False,Limbic,0.7344557241488306,False
alpha_pw,7Networks_RH_Limbic_OFC_1,NCBP_trans_vs_HC,Transitioners − HC,NCBP_trans,HC,-0.0024317760917747164,0.049458540363014176,-0.04916797127303082,0.9607854356037442,-0.09936873393120307,0.09450518174765363,-0.013728288253476845,0.17589163115328735,112,0.9889527198561104,False,Limbic,0.7344557241488306,False
alpha_pw,7Networks_RH_Limbic_OFC_1,NCBP_nontrans_vs_HC,Non-transitioners − HC,NCBP_nontrans,HC,0.001946174932311871,0.03932315351404578,0.049491832632820754,0.9605273458400476,-0.07512578971375751,0.07901813957838126,0.010986887548092286,0.17589163115328735,112,0.996351979586235,False,Limbic,0.7344557241488306,False
alpha_pw,7Networks_RH_Limbic_TempPole_1,NCBP_trans_vs_NCBP_nontrans,Transitioners − Non-transitioners,NCBP_trans,NCBP_nontrans,0.028391502806317963,0.05093082259165126,0.5574522727416539,0.5772184593813294,-0.07143107517631744,0.12821408078895338,0.13023333418583166,0.21660442355259285,122,0.9985617298206549,False,Limbic,0.7344557241488306,False
alpha_pw,7Networks_RH_Limbic_TempPole_1,NCBP_trans_vs_HC,Transitioners − HC,NCBP_trans,HC,-0.032089733702886925,0.047252921635440974,-0.679105811709614,0.49707082034288896,-0.12470375827264474,0.06052429086687089,-0.147197316104466,0.21660442355259285,122,0.9889527198561104,False,Limbic,0.7344557241488306,False
alpha_pw,7Networks_RH_Limbic_TempPole_1,NCBP_nontrans_vs_HC,Non-transitioners − HC,NCBP_nontrans,HC,-0.06048123650920489,0.048707783799107694,-1.2417160419093605,0.2143413490400461,-0.1559467385222195,0.034984265503809724,-0.2774306502902976,0.21660442355259285,122,0.996351979586235,False,Limbic,0.7344557241488306,False
alpha_pw,7Networks_RH_SalVentAttn_FrOperIns_1,NCBP_trans_vs_NCBP_nontrans,Transitioners − Non-transitioners,NCBP_trans,NCBP_nontrans,-0.0007913947309361458,0.050963118788703514,-0.015528773547343541,0.9876103292870358,-0.10067727209663158,0.09909448263475928,-0.003579193372876712,0.21973644723219335,126,0.9985617298206549,False,SalVentAttn,0.7344557241488306,False
alpha_pw,7Networks_RH_SalVentAttn_FrOperIns_1,NCBP_trans_vs_HC,Transitioners − HC,NCBP_trans,HC,-0.0028893156357741173,0.049466023747035896,-0.05841010489441757,0.9534219659742564,-0.09984094063836753,0.0940623093668193,-0.013067334127280398,0.21973644723219335,126,0.9889527198561104,False,SalVentAttn,0.7344557241488306,False
alpha_pw,7Networks_RH_SalVentAttn_FrOperIns_1,NCBP_nontrans_vs_HC,Non-transitioners − HC,NCBP_nontrans,HC,-0.0020979209048379716,0.048148791744354644,-0.043571620986396796,0.965245873378284,-0.09646781862289255,0.09227197681321661,-0.009488140754403686,0.21973644723219335,126,0.996351979586235,False,SalVentAttn,0.7344557241488306,False
alpha_pw,7Networks_RH_SalVentAttn_Med_1,NCBP_trans_vs_NCBP_nontrans,Transitioners − Non-transitioners,NCBP_trans,NCBP_nontrans,-0.012402083701791945,0.07449463346040221,-0.16648291461671935,0.8677769277002003,-0.1584088823256927,0.13360471492210882,-0.04539658607312287,0.27161503591555564,135,0.9985617298206549,False,SalVentAttn,0.7344557241488306,False
alpha_pw,7Networks_RH_SalVentAttn_Med_1,NCBP_trans_vs_HC,Transitioners − HC,NCBP_trans,HC,0.03089471168157165,0.06748209859900794,0.45782084912851,0.6470811556652081,-0.10136777117366477,0.16315719453680808,0.11308699987681396,0.27161503591555564,135,0.9889527198561104,False,SalVentAttn,0.7344557241488306,False
alpha_pw,7Networks_RH_SalVentAttn_Med_1,NCBP_nontrans_vs_HC,Non-transitioners − HC,NCBP_nontrans,HC,0.0432967953833636,0.05729503233691417,0.7556814896056572,0.44984018476313725,-0.06899940449004596,0.15559299525677314,0.15848358594993683,0.27161503591555564,135,0.996351979586235,False,SalVentAttn,0.7344557241488306,False
alpha_pw,7Networks_RH_SalVentAttn_Med_2,NCBP_trans_vs_NCBP_nontrans,Transitioners − Non-transitioners,NCBP_trans,NCBP_nontrans,0.03878432612428524,0.07952938375972014,0.48767291145450364,0.625781541980684,-0.11709040175743092,0.19465905400600142,0.14901813113268705,0.2586220360748569,124,0.9985617298206549,False,SalVentAttn,0.7344557241488306,False
alpha_pw,7Networks_RH_SalVentAttn_Med_2,NCBP_trans_vs_HC,Transitioners − HC,NCBP_trans,HC,0.009652196867850918,0.07622766844340226,0.1266232729526223,0.899238576053341,-0.1397512879066779,0.15905568164237976,0.037085918006224655,0.2586220360748569,124,0.9889527198561104,False,SalVentAttn,0.7344557241488306,False
alpha_pw,7Networks_RH_SalVentAttn_Med_2,NCBP_nontrans_vs_HC,Non-transitioners − HC,NCBP_nontrans,HC,-0.02913212925643432,0.05272160916366317,-0.5525652520582166,0.5805611412724847,-0.132464584424211,0.07420032591134236,-0.1119322131264624,0.2586220360748569,124,0.996351979586235,False,SalVentAttn,0.7344557241488306,False
alpha_pw,7Networks_RH_SalVentAttn_TempOccPar_1,NCBP_trans_vs_NCBP_nontrans,Transitioners − Non-transitioners,NCBP_trans,NCBP_nontrans,0.02659376551183339,0.06418894488266062,0.414304450095692,0.678651155213433,-0.09921425466380805,0.15240178568747484,0.10693254890873188,0.24723658044033292,133,0.9985617298206549,False,SalVentAttn,0.7344557241488306,False
alpha_pw,7Networks_RH_SalVentAttn_TempOccPar_1,NCBP_trans_vs_HC,Transitioners − HC,NCBP_trans,HC,-0.0036884182421318933,0.05253903824665911,-0.07020338333594135,0.9440317814593241,-0.10666304098795619,0.0992862045036924,-0.014830993523543202,0.24723658044033292,133,0.9889527198561104,False,SalVentAttn,0.7344557241488306,False
alpha_pw,7Networks_RH_SalVentAttn_TempOccPar_1,NCBP_nontrans_vs_HC,Non-transitioners − HC,NCBP_nontrans,HC,-0.030282183753965283,0.055847363281388986,-0.5422312169222276,0.5876592327883967,-0.13974100441701234,0.07917663690908178,-0.1217635424322751,0.24723658044033292,133,0.996351979586235,False,SalVentAttn,0.7344557241488306,False
alpha_pw,7Networks_RH_SalVentAttn_TempOccPar_2,NCBP_trans_vs_NCBP_nontrans,Transitioners − Non-transitioners,NCBP_trans,NCBP_nontrans,-0.027077407864590827,0.06717522896554978,-0.4030862012912116,0.6868848112981965,-0.15873843729030024,0.10458362156111857,-0.10745471759552014,0.2504740456222732,130,0.9985617298206549,False,SalVentAttn,0.7344557241488306,False
alpha_pw,7Networks_RH_SalVentAttn_TempOccPar_2,NCBP_trans_vs_HC,Transitioners − HC,NCBP_trans,HC,-0.03591387118861766,0.05858127556530468,-0.6130605870570698,0.5398362793795997,-0.15073106146503112,0.07890331908779581,-0.14252157760571202,0.2504740456222732,130,0.9889527198561104,False,SalVentAttn,0.7344557241488306,False
alpha_pw,7Networks_RH_SalVentAttn_TempOccPar_2,NCBP_nontrans_vs_HC,Non-transitioners − HC,NCBP_nontrans,HC,-0.008836463324026836,0.05615153047413691,-0.1573681652024937,0.8749547013076369,-0.11889144073013848,0.1012185140820848,-0.035066860010191866,0.2504740456222732,130,0.996351979586235,False,SalVentAttn,0.7344557241488306,False
alpha_pw,7Networks_RH_SomMot_1,NCBP_trans_vs_NCBP_nontrans,Transitioners − Non-transitioners,NCBP_trans,NCBP_nontrans,0.024491728730291307,0.05831781225651098,0.41996995056269265,0.6745074057105842,-0.08980908294963877,0.13879254041022138,0.1010389547695116,0.24092978857753733,129,0.9985617298206549,False,SomMot,0.7344557241488306,False
alpha_pw,7Networks_RH_SomMot_1,NCBP_trans_vs_HC,Transitioners − HC,NCBP_trans,HC,0.016192150323657357,0.053885144185003016,0.300493773721104,0.7638005449705068,-0.08942079158069648,0.12180509222801118,0.06679961068447164,0.24092978857753733,129,0.9889527198561104,False,SomMot,0.7344557241488306,False
alpha_pw,7Networks_RH_SomMot_1,NCBP_nontrans_vs_HC,Non-transitioners − HC,NCBP_nontrans,HC,-0.00829957840663395,0.053458267032934034,-0.15525341293837358,0.8766215412887233,-0.11307585646710955,0.09647669965384165,-0.03423934408503995,0.24092978857753733,129,0.996351979586235,False,SomMot,0.7344557241488306,False
alpha_pw,7Networks_RH_SomMot_2,NCBP_trans_vs_NCBP_nontrans,Transitioners − Non-transitioners,NCBP_trans,NCBP_nontrans,0.020146641142908962,0.07066734557644117,0.28509123950490334,0.7755742415429131,-0.11835881106996163,0.15865209335577954,0.0793937551423031,0.2522544778575548,132,0.9985617298206549,False,SomMot,0.7344557241488306,False
alpha_pw,7Networks_RH_SomMot_2,NCBP_trans_vs_HC,Transitioners − HC,NCBP_trans,HC,0.023332452964049864,0.061830708528133424,0.37736027161056107,0.7059058868468651,-0.09785350888968522,0.14451841481778496,0.09194838208298997,0.2522544778575548,132,0.9889527198561104,False,SomMot,0.7344557241488306,False
alpha_pw,7Networks_RH_SomMot_2,NCBP_nontrans_vs_HC,Non-transitioners − HC,NCBP_nontrans,HC,0.003185811821140902,0.0566880378605985,0.05619901378444477,0.9551832668089627,-0.10792070073987517,0.11429232438215697,0.012554626940686875,0.2522544778575548,132,0.996351979586235,False,SomMot,0.7344557241488306,False
alpha_pw,7Networks_RH_SomMot_3,NCBP_trans_vs_NCBP_nontrans,Transitioners − Non-transitioners,NCBP_trans,NCBP_nontrans,0.018795546759355717,0.060499085294958434,0.31067489149165706,0.756047787015052,-0.09978048151637961,0.13737157503509104,0.07757435904961107,0.24079816233876558,127,0.9985617298206549,False,SomMot,0.7344557241488306,False
alpha_pw,7Networks_RH_SomMot_3,NCBP_trans_vs_HC,Transitioners − HC,NCBP_trans,HC,-0.013927937931109826,0.05458726463530186,-0.2551499516263095,0.7986072847309499,-0.12091701063085845,0.0930611347686388,-0.05748440690350245,0.24079816233876558,127,0.9889527198561104,False,SomMot,0.7344557241488306,False
alpha_pw,7Networks_RH_SomMot_3,NCBP_nontrans_vs_HC,Non-transitioners − HC,NCBP_nontrans,HC,-0.03272348469046554,0.05514607745078668,-0.5933964155414054,0.5529158871841933,-0.14080781038266382,0.07536084100173275,-0.1350587659531135,0.24079816233876558,127,0.996351979586235,False,SomMot,0.7344557241488306,False
alpha_pw,7Networks_RH_SomMot_4,NCBP_trans_vs_NCBP_nontrans,Transitioners − Non-transitioners,NCBP_trans,NCBP_nontrans,0.03854469291895499,0.07726765853785349,0.49884639509390477,0.6178876001582421,-0.11289713498497667,0.18998652082288664,0.13788836845025337,0.27778474781383333,125,0.9985617298206549,False,SomMot,0.7344557241488306,False
alpha_pw,7Networks_RH_SomMot_4,NCBP_trans_vs_HC,Transitioners − HC,NCBP_trans,HC,0.016089404449666844,0.06918446345935318,0.23255805776566565,0.8161045993902531,-0.1195096522203928,0.15168846111972648,0.05755764440945392,0.27778474781383333,125,0.9889527198561104,False,SomMot,0.7344557241488306,False
alpha_pw,7Networks_RH_SomMot_4,NCBP_nontrans_vs_HC,Non-transitioners − HC,NCBP_nontrans,HC,-0.022455288469288147,0.06354487366322227,-0.3533768685779062,0.7238059248324881,-0.1470009522513516,0.10209037531277532,-0.08033072404079945,0.27778474781383333,125,0.996351979586235,False,SomMot,0.7344557241488306,False
alpha_pw,7Networks_RH_SomMot_5,NCBP_trans_vs_NCBP_nontrans,Transitioners − Non-transitioners,NCBP_trans,NCBP_nontrans,0.013569947726009078,0.0890526850533135,0.15238111818734165,0.8788863486639125,-0.16097010770507375,0.18811000315709192,0.04028282531599042,0.3348415799572689,130,0.9985617298206549,False,SomMot,0.7344557241488306,False
alpha_pw,7Networks_RH_SomMot_5,NCBP_trans_vs_HC,Transitioners − HC,NCBP_trans,HC,0.03464694589514467,0.08075409286596633,0.42904259914913323,0.6678922238810157,-0.12362816772635224,0.19292205951664157,0.10285057079119295,0.3348415799572689,130,0.9889527198561104,False,SomMot,0.7344557241488306,False
alpha_pw,7Networks_RH_SomMot_5,NCBP_nontrans_vs_HC,Non-transitioners − HC,NCBP_nontrans,HC,0.021076998169135594,0.07270994580595398,0.28987778680767035,0.7719097359124649,-0.12143187692839337,0.16358587326666457,0.06256774547520251,0.3348415799572689,130,0.996351979586235,False,SomMot,0.7344557241488306,False
alpha_pw,7Networks_RH_SomMot_6,NCBP_trans_vs_NCBP_nontrans,Transitioners − Non-transitioners,NCBP_trans,NCBP_nontrans,-0.048195980660011586,0.08234847009791774,-0.58526868322755,0.5583670687182527,-0.20959601623390395,0.11320405491388076,-0.15197269300233165,0.3152443280213365,131,0.9985617298206549,False,SomMot,0.7344557241488306,False
alpha_pw,7Networks_RH_SomMot_6,NCBP_trans_vs_HC,Transitioners − HC,NCBP_trans,HC,-0.04679133859209945,0.07459065289000864,-0.6273083393048985,0.5304571380562254,-0.19298633183984487,0.09940365465564599,-0.14754354279433338,0.3152443280213365,131,0.9889527198561104,False,SomMot,0.7344557241488306,False
alpha_pw,7Networks_RH_SomMot_6,NCBP_nontrans_vs_HC,Non-transitioners − HC,NCBP_nontrans,HC,0.0014046420679121388,0.06667609765326617,0.02106665082915709,0.9831924877710205,-0.12927810796216518,0.13208739209798945,0.004429150207998287,0.3152443280213365,131,0.996351979586235,False,SomMot,0.7344557241488306,False
alpha_pw,7Networks_RH_SomMot_7,NCBP_trans_vs_NCBP_nontrans,Transitioners − Non-transitioners,NCBP_trans,NCBP_nontrans,-0.06404515915265616,0.07974816960299203,-0.8030925282861073,0.42192125597416985,-0.22034869940751242,0.09225838110220011,-0.21306764602225708,0.29883504954571655,134,0.9985617298206549,False,SomMot,0.7344557241488306,False
alpha_pw,7Networks_RH_SomMot_7,NCBP_trans_vs_HC,Transitioners − HC,NCBP_trans,HC,-0.043825787356915766,0.07186487660799985,-0.6098359786515958,0.5419704655581263,-0.18467835726201048,0.09702678254817894,-0.14580114204966838,0.29883504954571655,134,0.9889527198561104,False,SomMot,0.7344557241488306,False
alpha_pw,7Networks_RH_SomMot_7,NCBP_nontrans_vs_HC,Non-transitioners − HC,NCBP_nontrans,HC,0.020219371795740397,0.06160301651953225,0.328220482341632,0.7427449622402322,-0.10052032192156879,0.1409590655130496,0.06726650397258874,0.29883504954571655,134,0.996351979586235,False,SomMot,0.7344557241488306,False
alpha_pw,7Networks_RH_SomMot_8,NCBP_trans_vs_NCBP_nontrans,Transitioners − Non-transitioners,NCBP_trans,NCBP_nontrans,0.018112436385789167,0.07343587913951655,0.24664287536312332,0.8051846196467929,-0.1258192419006995,0.16204411467227783,0.06621710685609697,0.2718996763987132,131,0.9985617298206549,False,SomMot,0.7344557241488306,False
alpha_pw,7Networks_RH_SomMot_8,NCBP_trans_vs_HC,Transitioners − HC,NCBP_trans,HC,0.014782989712715855,0.06595446800044509,0.22413932157888214,0.8226488965422594,-0.114485392187656,0.1440513716130877,0.05404501021339749,0.2718996763987132,131,0.9889527198561104,False,SomMot,0.7344557241488306,False
alpha_pw,7Networks_RH_SomMot_8,NCBP_nontrans_vs_HC,Non-transitioners − HC,NCBP_nontrans,HC,-0.003329446673073312,0.059080924780121724,-0.05635400402861556,0.9550597981564878,-0.1191259314154319,0.11246703806928529,-0.012172096642699469,0.2718996763987132,131,0.996351979586235,False,SomMot,0.7344557241488306,False
alpha_pw,7Networks_RH_Vis_1,NCBP_trans_vs_NCBP_nontrans,Transitioners − Non-transitioners,NCBP_trans,NCBP_nontrans,0.015866335901669158,0.054290111482641484,0.2922509360980443,0.7700947692697478,-0.09054032732097259,0.12227299912431092,0.07125648884628705,0.22135790598147623,133,0.9985617298206549,False,Vis,0.7344557241488306,False
alpha_pw,7Networks_RH_Vis_1,NCBP_trans_vs_HC,Transitioners − HC,NCBP_trans,HC,-0.045383019060719336,0.052149315105062016,-0.8702514878534637,0.3841629839320029,-0.1475937984850715,0.056827760363632844,-0.20381735339227106,0.22135790598147623,133,0.9889527198561104,False,Vis,0.7344557241488306,False
alpha_pw,7Networks_RH_Vis_1,NCBP_nontrans_vs_HC,Non-transitioners − HC,NCBP_nontrans,HC,-0.061249354962388494,0.04370674813429662,-1.401370671050364,0.1611032579573013,-0.1469130071869731,0.024414297262196086,-0.27507384223855813,0.22135790598147623,133,0.996351979586235,False,Vis,0.7344557241488306,False
alpha_pw,7Networks_RH_Vis_2,NCBP_trans_vs_NCBP_nontrans,Transitioners − Non-transitioners,NCBP_trans,NCBP_nontrans,-0.02294837077007096,0.063992204713463,-0.35861197270552814,0.7198853888637743,-0.1483707872997727,0.1024740457596308,-0.08346117297446821,0.2733569410451694,134,0.9985617298206549,False,Vis,0.7344557241488306,False
alpha_pw,7Networks_RH_Vis_2,NCBP_trans_vs_HC,Transitioners − HC,NCBP_trans,HC,-0.041236630658898134,0.05387132378643088,-0.7654653303560517,0.4439945035652285,-0.1468224850797986,0.06434922376200233,-0.14997393927394323,0.2733569410451694,134,0.9889527198561104,False,Vis,0.7344557241488306,False
alpha_pw,7Networks_RH_Vis_2,NCBP_nontrans_vs_HC,Non-transitioners − HC,NCBP_nontrans,HC,-0.018288259888827173,0.0605896851626352,-0.30183784318630663,0.7627756808043318,-0.13704186064221305,0.10046534086455872,-0.06651276629947503,0.2733569410451694,134,0.996351979586235,False,Vis,0.7344557241488306,False
alpha_pw,7Networks_RH_Vis_3,NCBP_trans_vs_NCBP_nontrans,Transitioners − Non-transitioners,NCBP_trans,NCBP_nontrans,0.01730696687927337,0.07639279220021454,0.22655235370785104,0.8207718451348651,-0.1324201545115995,0.1670340882701462,0.05571856017934323,0.3088046342385637,134,0.9985617298206549,False,Vis,0.7344557241488306,False
alpha_pw,7Networks_RH_Vis_3,NCBP_trans_vs_HC,Transitioners − HC,NCBP_trans,HC,-0.030687804797377594,0.06315207841070561,-0.48593499326817663,0.6270132569220632,-0.15446360403121007,0.0930879944364549,-0.09879722485760084,0.3088046342385637,134,0.9889527198561104,False,Vis,0.7344557241488306,False
alpha_pw,7Networks_RH_Vis_3,NCBP_nontrans_vs_HC,Non-transitioners − HC,NCBP_nontrans,HC,-0.04799477167665096,0.06696796201974949,-0.7166825781930896,0.4735699780721486,-0.1792495653534062,0.08326002200010425,-0.15451578503694408,0.3088046342385637,134,0.996351979586235,False,Vis,0.7344557241488306,False
alpha_pw,7Networks_RH_Vis_4,NCBP_trans_vs_NCBP_nontrans,Transitioners − Non-transitioners,NCBP_trans,NCBP_nontrans,0.02187915547768303,0.0800218161019273,0.27341488288411986,0.7845343136008426,-0.13496072205958187,0.1787190330149479,0.064990308194851,0.33470661972640126,135,0.9985617298206549,False,Vis,0.7344557241488306,False
alpha_pw,7Networks_RH_Vis_4,NCBP_trans_vs_HC,Transitioners − HC,NCBP_trans,HC,-0.1185901273037019,0.0669495082385485,-1.7713367943070195,0.0765047123287341,-0.24980875223392462,0.01262849762652081,-0.352262633271912,0.33470661972640126,135,0.9889527198561104,False,Vis,0.7344557241488306,False
alpha_pw,7Networks_RH_Vis_4,NCBP_nontrans_vs_HC,Non-transitioners − HC,NCBP_nontrans,HC,-0.14046928278138493,0.0740932853525816,-1.8958436262199112,0.05798072516731384,-0.285689453568694,0.004750888005924131,-0.41725294146676295,0.33470661972640126,135,0.996351979586235,False,Vis,0.7344557241488306,False
alpha_pw,7Networks_RH_Vis_5,NCBP_trans_vs_NCBP_nontrans,Transitioners − Non-transitioners,NCBP_trans,NCBP_nontrans,-0.0020689611283188705,0.0720745527787156,-0.028705847605756594,0.977099192576053,-0.14333248877643273,0.139194566519795,-0.007014419621899441,0.29326635606974005,136,0.9985617298206549,False,Vis,0.7344557241488306,False
alpha_pw,7Networks_RH_Vis_5,NCBP_trans_vs_HC,Transitioners − HC,NCBP_trans,HC,-0.05802644489100835,0.056651057603183716,-1.0242782279098588,0.3057038784985444,-0.16906047747935243,0.05300758769733574,-0.1967276369098728,0.29326635606974005,136,0.9889527198561104,False,Vis,0.7344557241488306,False
alpha_pw,7Networks_RH_Vis_5,NCBP_nontrans_vs_HC,Non-transitioners − HC,NCBP_nontrans,HC,-0.055957483762689476,0.06779672272011696,-0.825371515282486,0.40916070149414685,-0.1888366185639671,0.07692165103858817,-0.18971321728797336,0.29326635606974005,136,0.996351979586235,False,Vis,0.7344557241488306,False
alpha_pw,7Networks_RH_Vis_6,NCBP_trans_vs_NCBP_nontrans,Transitioners − Non-transitioners,NCBP_trans,NCBP_nontrans,0.01667708017366548,0.05945131088421128,0.280516609737103,0.7790811840792915,-0.09984534799308274,0.13319950834041372,0.07030385637899236,0.23583247047559072,134,0.9985617298206549,False,Vis,0.7344557241488306,False
alpha_pw,7Networks_RH_Vis_6,NCBP_trans_vs_HC,Transitioners − HC,NCBP_trans,HC,0.004010679536624415,0.05254754589138197,0.0763247734711467,0.9391607169472903,-0.09898061788644993,0.10700197695969876,0.016907410361332614,0.23583247047559072,134,0.9889527198561104,False,Vis,0.7344557241488306,False
alpha_pw,7Networks_RH_Vis_6,NCBP_nontrans_vs_HC,Non-transitioners − HC,NCBP_nontrans,HC,-0.012666400637041067,0.05085041193105664,-0.24909140665791,0.8032900764992315,-0.11233137662093794,0.0869985753468558,-0.05339644601765975,0.23583247047559072,134,0.996351979586235,False,Vis,0.7344557241488306,False
alpha_pw,7Networks_RH_Vis_7,NCBP_trans_vs_NCBP_nontrans,Transitioners − Non-transitioners,NCBP_trans,NCBP_nontrans,-0.04676243997453133,0.07703087038667505,-0.6070610359171066,0.5438104070312804,-0.19774017163018742,0.10421529168112476,-0.14737061369561497,0.31547766333740007,135,0.9985617298206549,False,Vis,0.7344557241488306,False
alpha_pw,7Networks_RH_Vis_7,NCBP_trans_vs_HC,Transitioners − HC,NCBP_trans,HC,-0.0823261552840988,0.06127618120808794,-1.3435262064476112,0.17910164611726076,-0.20242526356210122,0.037772952993903625,-0.25944873779096966,0.31547766333740007,135,0.9889527198561104,False,Vis,0.7344557241488306,False
alpha_pw,7Networks_RH_Vis_7,NCBP_nontrans_vs_HC,Non-transitioners − HC,NCBP_nontrans,HC,-0.03556371530956747,0.07103196079278724,-0.5006720202095096,0.616601966947687,-0.17478380021469167,0.10365636959555671,-0.11207812409535466,0.31547766333740007,135,0.996351979586235,False,Vis,0.7344557241488306,False
alpha_pw,7Networks_RH_Vis_8,NCBP_trans_vs_NCBP_nontrans,Transitioners − Non-transitioners,NCBP_trans,NCBP_nontrans,-0.04239704778318304,0.08207182772751245,-0.516584666835323,0.6054461215802335,-0.20325487427448324,0.11846077870811716,-0.1408800627028505,0.29920470884319766,135,0.9985617298206549,False,Vis,0.7344557241488306,False
alpha_pw,7Networks_RH_Vis_8,NCBP_trans_vs_HC,Transitioners − HC,NCBP_trans,HC,-0.06572993600159155,0.06448755745126009,-1.0192653993953866,0.3080769858221095,-0.19212322605701893,0.06066335405383583,-0.2184123185348674,0.29920470884319766,135,0.9889527198561104,False,Vis,0.7344557241488306,False
alpha_pw,7Networks_RH_Vis_8,NCBP_nontrans_vs_HC,Non-transitioners − HC,NCBP_nontrans,HC,-0.023332888218408506,0.06862589631661552,-0.3400012163157599,0.733855611951965,-0.15783717340575487,0.11117139696893785,-0.0775322558320169,0.29920470884319766,135,0.996351979586235,False,Vis,0.7344557241488306,False
